"Date","DJIA"
"12/31/1999","11497.12"
"1/3/2000","11357.51"
"1/4/2000","10997.93"
"1/5/2000","11122.65"
"1/6/2000","11253.26"
"1/7/2000","11522.56"
"1/10/2000","11572.2"
"1/11/2000","11511.08"
"1/12/2000","11551.1"
"1/13/2000","11582.43"
"1/14/2000","11722.98"
"1/18/2000","11560.72"
"1/19/2000","11489.36"
"1/20/2000","11351.3"
"1/21/2000","11251.71"
"1/24/2000","11008.17"
"1/25/2000","11029.89"
"1/26/2000","11032.99"
"1/27/2000","11028.02"
"1/28/2000","10738.87"
"1/31/2000","10940.53"
"2/1/2000","11041.05"
"2/2/2000","11003.2"
"2/3/2000","11013.44"
"2/4/2000","10963.8"
"2/7/2000","10905.79"
"2/8/2000","10957.6"
"2/9/2000","10699.16"
"2/10/2000","10643.63"
"2/11/2000","10425.21"
"2/14/2000","10519.84"
"2/15/2000","10718.09"
"2/16/2000","10561.41"
"2/17/2000","10514.57"
"2/18/2000","10219.52"
"2/22/2000","10304.84"
"2/23/2000","10225.73"
"2/24/2000","10092.63"
"2/25/2000","9862.12"
"2/28/2000","10038.65"
"2/29/2000","10128.31"
"3/1/2000","10137.93"
"3/2/2000","10164.92"
"3/3/2000","10367.2"
"3/6/2000","10170.5"
"3/7/2000","9796.03"
"3/8/2000","9856.53"
"3/9/2000","10010.73"
"3/10/2000","9928.82"
"3/13/2000","9947.13"
"3/14/2000","9811.24"
"3/15/2000","10131.41"
"3/16/2000","10630.6"
"3/17/2000","10595.23"
"3/20/2000","10680.24"
"3/21/2000","10901.34"
"3/22/2000","10866.7"
"3/23/2000","11119.86"
"3/24/2000","11112.72"
"3/27/2000","11025.85"
"3/28/2000","10936.11"
"3/29/2000","11018.72"
"3/30/2000","10980.25"
"3/31/2000","10921.92"
"4/3/2000","11221.93"
"4/4/2000","11164.84"
"4/5/2000","11033.92"
"4/6/2000","11114.27"
"4/7/2000","11111.48"
"4/10/2000","11186.56"
"4/11/2000","11287.08"
"4/12/2000","11125.13"
"4/13/2000","10923.55"
"4/14/2000","10305.77"
"4/17/2000","10582.51"
"4/18/2000","10767.42"
"4/19/2000","10674.96"
"4/20/2000","10844.05"
"4/24/2000","10906.1"
"4/25/2000","11124.82"
"4/26/2000","10945.5"
"4/27/2000","10888.1"
"4/28/2000","10733.91"
"5/1/2000","10811.78"
"5/2/2000","10731.12"
"5/3/2000","10480.13"
"5/4/2000","10412.49"
"5/5/2000","10577.86"
"5/8/2000","10603.63"
"5/9/2000","10536.75"
"5/10/2000","10367.78"
"5/11/2000","10545.97"
"5/12/2000","10609.37"
"5/15/2000","10807.78"
"5/16/2000","10934.57"
"5/17/2000","10769.74"
"5/18/2000","10777.28"
"5/19/2000","10626.85"
"5/22/2000","10542.55"
"5/23/2000","10422.27"
"5/24/2000","10535.35"
"5/25/2000","10323.92"
"5/26/2000","10299.24"
"5/30/2000","10527.13"
"5/31/2000","10522.33"
"6/1/2000","10650.2"
"6/2/2000","10794.76"
"6/5/2000","10815.3"
"6/6/2000","10735.57"
"6/7/2000","10812.96"
"6/8/2000","10668.72"
"6/9/2000","10614.06"
"6/12/2000","10564.21"
"6/13/2000","10621.84"
"6/14/2000","10687.95"
"6/15/2000","10714.82"
"6/16/2000","10449.3"
"6/19/2000","10557.84"
"6/20/2000","10435.16"
"6/21/2000","10497.74"
"6/22/2000","10376.12"
"6/23/2000","10404.75"
"6/26/2000","10542.99"
"6/27/2000","10504.46"
"6/28/2000","10527.79"
"6/29/2000","10398.04"
"6/30/2000","10447.89"
"7/3/2000","10560.67"
"7/5/2000","10483.6"
"7/6/2000","10481.47"
"7/7/2000","10635.98"
"7/10/2000","10646.58"
"7/11/2000","10727.19"
"7/12/2000","10783.41"
"7/13/2000","10788.71"
"7/14/2000","10812.75"
"7/17/2000","10804.27"
"7/18/2000","10739.92"
"7/19/2000","10696.08"
"7/20/2000","10843.87"
"7/21/2000","10733.56"
"7/24/2000","10685.12"
"7/25/2000","10699.97"
"7/26/2000","10516.48"
"7/27/2000","10586.13"
"7/28/2000","10511.17"
"7/31/2000","10521.98"
"8/1/2000","10606.95"
"8/2/2000","10687.53"
"8/3/2000","10706.58"
"8/4/2000","10767.75"
"8/7/2000","10867.01"
"8/8/2000","10976.89"
"8/9/2000","10905.83"
"8/10/2000","10908.76"
"8/11/2000","11027.8"
"8/14/2000","11176.14"
"8/15/2000","11067"
"8/16/2000","11008.39"
"8/17/2000","11055.64"
"8/18/2000","11046.48"
"8/21/2000","11079.81"
"8/22/2000","11139.15"
"8/23/2000","11144.65"
"8/24/2000","11182.74"
"8/25/2000","11192.63"
"8/28/2000","11252.84"
"8/29/2000","11215.1"
"8/30/2000","11103.01"
"8/31/2000","11215.1"
"9/1/2000","11238.78"
"9/5/2000","11260.61"
"9/6/2000","11310.64"
"9/7/2000","11259.87"
"9/8/2000","11220.65"
"9/11/2000","11195.49"
"9/12/2000","11233.23"
"9/13/2000","11182.18"
"9/14/2000","11087.47"
"9/15/2000","10927.06"
"9/18/2000","10808.52"
"9/19/2000","10789.29"
"9/20/2000","10687.92"
"9/21/2000","10765.52"
"9/22/2000","10847.37"
"9/25/2000","10808.15"
"9/26/2000","10631.32"
"9/27/2000","10628.36"
"9/28/2000","10824.06"
"9/29/2000","10650.92"
"10/2/2000","10700.13"
"10/3/2000","10719.74"
"10/4/2000","10784.48"
"10/5/2000","10724.92"
"10/6/2000","10596.54"
"10/9/2000","10568.43"
"10/10/2000","10524.4"
"10/11/2000","10413.79"
"10/12/2000","10034.58"
"10/13/2000","10192.18"
"10/16/2000","10238.8"
"10/17/2000","10089.71"
"10/18/2000","9975.02"
"10/19/2000","10142.98"
"10/20/2000","10226.59"
"10/23/2000","10271.72"
"10/24/2000","10393.07"
"10/25/2000","10326.48"
"10/26/2000","10380.12"
"10/27/2000","10590.62"
"10/30/2000","10835.77"
"10/31/2000","10971.14"
"11/1/2000","10899.47"
"11/2/2000","10880.51"
"11/3/2000","10817.95"
"11/6/2000","10977.21"
"11/7/2000","10952.18"
"11/8/2000","10907.06"
"11/9/2000","10834.25"
"11/10/2000","10602.95"
"11/13/2000","10517.25"
"11/14/2000","10681.06"
"11/15/2000","10707.6"
"11/16/2000","10656.03"
"11/17/2000","10629.87"
"11/20/2000","10462.65"
"11/21/2000","10494.5"
"11/22/2000","10399.32"
"11/24/2000","10470.23"
"11/27/2000","10546.07"
"11/28/2000","10507.58"
"11/29/2000","10629.11"
"11/30/2000","10414.49"
"12/1/2000","10373.54"
"12/4/2000","10560.1"
"12/5/2000","10898.72"
"12/6/2000","10664.38"
"12/7/2000","10617.36"
"12/8/2000","10712.91"
"12/11/2000","10725.8"
"12/12/2000","10768.27"
"12/13/2000","10794.44"
"12/14/2000","10674.99"
"12/15/2000","10434.96"
"12/18/2000","10645.42"
"12/19/2000","10584.37"
"12/20/2000","10318.93"
"12/21/2000","10487.29"
"12/22/2000","10635.56"
"12/26/2000","10692.44"
"12/27/2000","10803.16"
"12/28/2000","10868.76"
"12/29/2000","10786.85"
"1/2/2001","10646.15"
"1/3/2001","10945.75"
"1/4/2001","10912.41"
"1/5/2001","10662.01"
"1/8/2001","10621.35"
"1/9/2001","10572.55"
"1/10/2001","10604.27"
"1/11/2001","10609.55"
"1/12/2001","10525.38"
"1/16/2001","10652.66"
"1/17/2001","10584.34"
"1/18/2001","10678.28"
"1/19/2001","10587.59"
"1/22/2001","10578.24"
"1/23/2001","10649.81"
"1/24/2001","10646.97"
"1/25/2001","10729.52"
"1/26/2001","10659.98"
"1/29/2001","10702.19"
"1/30/2001","10881.2"
"1/31/2001","10887.36"
"2/1/2001","10983.63"
"2/2/2001","10864.1"
"2/5/2001","10965.85"
"2/6/2001","10957.42"
"2/7/2001","10946.72"
"2/8/2001","10880.55"
"2/9/2001","10781.45"
"2/12/2001","10946.77"
"2/13/2001","10903.32"
"2/14/2001","10795.41"
"2/15/2001","10891.02"
"2/16/2001","10799.82"
"2/20/2001","10730.88"
"2/21/2001","10526.58"
"2/22/2001","10526.81"
"2/23/2001","10441.9"
"2/26/2001","10642.53"
"2/27/2001","10636.88"
"2/28/2001","10495.28"
"3/1/2001","10450.14"
"3/2/2001","10466.31"
"3/3/2001","10532.3"
"3/6/2001","10591.22"
"3/7/2001","10729.6"
"3/8/2001","10858.25"
"3/9/2001","10644.62"
"3/12/2001","10208.25"
"3/13/2001","10290.8"
"3/14/2001","9973.46"
"3/15/2001","10031.28"
"3/16/2001","9823.41"
"3/19/2001","9959.11"
"3/20/2001","9720.76"
"3/21/2001","9487"
"3/22/2001","9389.48"
"3/23/2001","9504.78"
"3/26/2001","9687.53"
"3/27/2001","9947.54"
"3/28/2001","9785.35"
"3/29/2001","9799.06"
"3/30/2001","9878.78"
"4/2/2001","9777.93"
"4/3/2001","9485.71"
"4/4/2001","9515.42"
"4/5/2001","9918.05"
"4/6/2001","9791.09"
"4/9/2001","9845.15"
"4/10/2001","10102.74"
"4/11/2001","10013.47"
"4/12/2001","10126.94"
"4/16/2001","10158.56"
"4/17/2001","10216.73"
"4/18/2001","10615.83"
"4/19/2001","10693.71"
"4/20/2001","10579.85"
"4/23/2001","10532.23"
"4/24/2001","10454.34"
"4/25/2001","10625.7"
"4/26/2001","10692.35"
"4/27/2001","10810.05"
"4/30/2001","10734.97"
"5/1/2001","10898.34"
"5/2/2001","10876.68"
"5/3/2001","10796.65"
"5/4/2001","10951.24"
"5/7/2001","10935.17"
"5/8/2001","10883.51"
"5/9/2001","10866.98"
"5/10/2001","10910.44"
"5/11/2001","10821.31"
"5/14/2001","10877.33"
"5/15/2001","10872.97"
"5/16/2001","11215.92"
"5/17/2001","11248.58"
"5/18/2001","11301.74"
"5/21/2001","11337.92"
"5/22/2001","11257.24"
"5/23/2001","11105.51"
"5/24/2001","11122.42"
"5/25/2001","11005.37"
"5/29/2001","11039.14"
"5/30/2001","10872.64"
"5/31/2001","10911.94"
"6/1/2001","10990.41"
"6/4/2001","11061.52"
"6/5/2001","11175.84"
"6/6/2001","11070.24"
"6/7/2001","11090.74"
"6/8/2001","10977"
"6/11/2001","10922.09"
"6/12/2001","10948.38"
"6/13/2001","10871.62"
"6/14/2001","10690.13"
"6/15/2001","10623.6"
"6/18/2001","10645.38"
"6/19/2001","10596.67"
"6/20/2001","10647.33"
"6/21/2001","10715.43"
"6/22/2001","10604.59"
"6/25/2001","10504.22"
"6/26/2001","10472.48"
"6/27/2001","10434.84"
"6/28/2001","10566.21"
"6/29/2001","10502.4"
"7/2/2001","10593.72"
"7/3/2001","10571.11"
"7/5/2001","10479.86"
"7/6/2001","10252.68"
"7/9/2001","10299.4"
"7/10/2001","10175.64"
"7/11/2001","10241.02"
"7/12/2001","10478.99"
"7/13/2001","10539.06"
"7/16/2001","10472.12"
"7/17/2001","10606.39"
"7/18/2001","10569.83"
"7/19/2001","10610"
"7/20/2001","10576.65"
"7/23/2001","10424.42"
"7/24/2001","10241.12"
"7/25/2001","10405.67"
"7/26/2001","10455.63"
"7/27/2001","10416.67"
"7/30/2001","10401.72"
"7/31/2001","10522.81"
"8/1/2001","10510.01"
"8/2/2001","10551.18"
"8/3/2001","10512.78"
"8/6/2001","10401.31"
"8/7/2001","10458.74"
"8/8/2001","10293.5"
"8/9/2001","10298.56"
"8/10/2001","10416.25"
"8/13/2001","10415.91"
"8/14/2001","10412.17"
"8/15/2001","10345.95"
"8/16/2001","10392.52"
"8/17/2001","10240.78"
"8/20/2001","10320.07"
"8/21/2001","10174.14"
"8/22/2001","10276.9"
"8/23/2001","10229.15"
"8/24/2001","10423.17"
"8/27/2001","10382.35"
"8/28/2001","10222.03"
"8/29/2001","10090.9"
"8/30/2001","9918.58"
"8/31/2001","9949.75"
"9/4/2001","9997.49"
"9/5/2001","10032.27"
"9/6/2001","9840.84"
"9/7/2001","9605.85"
"9/10/2001","9605.51"
"9/17/2001","8920.7"
"9/18/2001","8903.4"
"9/19/2001","8759.13"
"9/20/2001","8376.21"
"9/21/2001","8235.81"
"9/24/2001","8603.86"
"9/25/2001","8659.97"
"9/26/2001","8567.39"
"9/27/2001","8681.42"
"9/28/2001","8847.56"
"10/1/2001","8836.83"
"10/2/2001","8950.59"
"10/3/2001","9123.78"
"10/4/2001","9060.88"
"10/5/2001","9119.77"
"10/8/2001","9067.94"
"10/9/2001","9052.44"
"10/10/2001","9240.86"
"10/11/2001","9410.45"
"10/12/2001","9344.16"
"10/15/2001","9347.62"
"10/16/2001","9384.23"
"10/17/2001","9232.97"
"10/18/2001","9163.22"
"10/19/2001","9204.11"
"10/22/2001","9377.03"
"10/23/2001","9340.08"
"10/24/2001","9345.62"
"10/25/2001","9462.9"
"10/26/2001","9545.17"
"10/29/2001","9269.5"
"10/30/2001","9121.98"
"10/31/2001","9075.14"
"11/1/2001","9263.9"
"11/2/2001","9323.54"
"11/5/2001","9441.03"
"11/6/2001","9591.12"
"11/7/2001","9554.37"
"11/8/2001","9587.52"
"11/9/2001","9608"
"11/12/2001","9554.37"
"11/13/2001","9750.95"
"11/14/2001","9823.61"
"11/15/2001","9872.39"
"11/16/2001","9866.99"
"11/19/2001","9976.46"
"11/20/2001","9901.38"
"11/21/2001","9834.68"
"11/23/2001","9959.71"
"11/26/2001","9982.75"
"11/27/2001","9872.6"
"11/28/2001","9711.86"
"11/29/2001","9829.42"
"11/30/2001","9851.56"
"12/3/2001","9736.96"
"12/4/2001","9893.84"
"12/5/2001","10114.29"
"12/6/2001","10099.14"
"12/7/2001","10049.46"
"12/10/2001","9921.45"
"12/11/2001","9888.37"
"12/12/2001","9894.81"
"12/13/2001","9766.45"
"12/14/2001","9811.15"
"12/17/2001","9891.97"
"12/18/2001","9998.39"
"12/19/2001","10070.49"
"12/20/2001","9985.18"
"12/21/2001","10035.34"
"12/24/2001","10035.34"
"12/26/2001","10088.14"
"12/27/2001","10131.81"
"12/28/2001","10136.99"
"12/31/2001","10021.5"
"1/2/2002","10073.4"
"1/3/2002","10172.14"
"1/4/2002","10259.74"
"1/7/2002","10197.05"
"1/8/2002","10150.55"
"1/9/2002","10094.09"
"1/10/2002","10067.86"
"1/11/2002","9987.53"
"1/14/2002","9891.42"
"1/15/2002","9924.15"
"1/16/2002","9712.27"
"1/17/2002","9850.04"
"1/18/2002","9771.85"
"1/22/2002","9713.8"
"1/23/2002","9730.96"
"1/24/2002","9796.07"
"1/25/2002","9840.08"
"1/28/2002","9865.75"
"1/29/2002","9618.24"
"1/30/2002","9762.86"
"1/31/2002","9920"
"2/1/2002","9907.26"
"2/4/2002","9687.09"
"2/5/2002","9685.43"
"2/6/2002","9653.39"
"2/7/2002","9625.44"
"2/8/2002","9744.24"
"2/11/2002","9884.78"
"2/12/2002","9863.74"
"2/13/2002","9989.67"
"2/14/2002","10001.99"
"2/15/2002","9903.04"
"2/19/2002","9745.14"
"2/20/2002","9941.17"
"2/21/2002","9834.68"
"2/22/2002","9968.15"
"2/25/2002","10145.71"
"2/26/2002","10115.26"
"2/27/2002","10127.5"
"2/28/2002","10106.13"
"3/1/2002","10368.86"
"3/4/2002","10586.82"
"3/5/2002","10433.41"
"3/6/2002","10574.29"
"3/7/2002","10525.37"
"3/8/2002","10572.49"
"3/11/2002","10611.24"
"3/12/2002","10632.35"
"3/13/2002","10501.85"
"3/14/2002","10517.14"
"3/15/2002","10607.23"
"3/18/2002","10577.75"
"3/19/2002","10635.25"
"3/20/2002","10501.57"
"3/21/2002","10479.84"
"3/22/2002","10427.67"
"3/25/2002","10281.67"
"3/26/2002","10353.36"
"3/27/2002","10426.91"
"3/28/2002","10403.94"
"4/1/2002","10362.7"
"4/2/2002","10313.71"
"4/3/2002","10198.29"
"4/4/2002","10235.17"
"4/5/2002","10271.64"
"4/8/2002","10249.08"
"4/9/2002","10208.67"
"4/10/2002","10381.73"
"4/11/2002","10176.08"
"4/12/2002","10190.82"
"4/15/2002","10093.67"
"4/16/2002","10301.32"
"4/17/2002","10220.78"
"4/18/2002","10205.28"
"4/19/2002","10257.11"
"4/22/2002","10136.43"
"4/23/2002","10089.24"
"4/24/2002","10030.43"
"4/25/2002","10035.06"
"4/26/2002","9910.72"
"4/29/2002","9819.87"
"4/30/2002","9946.22"
"5/1/2002","10059.63"
"5/2/2002","10091.87"
"5/3/2002","10006.63"
"5/6/2002","9804.04"
"5/7/2002","9836.55"
"5/8/2002","10141.83"
"5/9/2002","10037.42"
"5/10/2002","9939.92"
"5/13/2002","10109.66"
"5/14/2002","10298.14"
"5/15/2002","10243.68"
"5/16/2002","10289.21"
"5/17/2002","10353.48"
"5/20/2002","10229.5"
"5/21/2002","10105.71"
"5/22/2002","10157.88"
"5/23/2002","10216.08"
"5/24/2002","10104.26"
"5/28/2002","9981.58"
"5/29/2002","9923.04"
"5/30/2002","9911.69"
"5/31/2002","9925.25"
"6/3/2002","9709.79"
"6/4/2002","9687.84"
"6/5/2002","9796.8"
"6/6/2002","9624.64"
"6/7/2002","9589.67"
"6/10/2002","9645.4"
"6/11/2002","9517.26"
"6/12/2002","9617.71"
"6/13/2002","9502.8"
"6/14/2002","9474.21"
"6/17/2002","9687.42"
"6/18/2002","9706.12"
"6/19/2002","9561.57"
"6/20/2002","9431.77"
"6/21/2002","9253.79"
"6/24/2002","9281.82"
"6/25/2002","9126.82"
"6/26/2002","9120.11"
"6/27/2002","9269.92"
"6/28/2002","9243.26"
"7/1/2002","9109.79"
"7/2/2002","9007.75"
"7/3/2002","9054.97"
"7/5/2002","9379.5"
"7/8/2002","9274.9"
"7/9/2002","9096.09"
"7/10/2002","8813.5"
"7/11/2002","8801.53"
"7/12/2002","8684.53"
"7/15/2002","8639.19"
"7/16/2002","8473.11"
"7/17/2002","8542.48"
"7/18/2002","8409.49"
"7/19/2002","8019.26"
"7/22/2002","7784.58"
"7/23/2002","7702.34"
"7/24/2002","8191.29"
"7/25/2002","8186.31"
"7/26/2002","8264.39"
"7/29/2002","8711.88"
"7/30/2002","8680.03"
"7/31/2002","8736.59"
"8/1/2002","8506.62"
"8/2/2002","8313.13"
"8/5/2002","8043.63"
"8/6/2002","8274.09"
"8/7/2002","8456.15"
"8/8/2002","8712.02"
"8/9/2002","8745.45"
"8/12/2002","8688.89"
"8/13/2002","8482.39"
"8/14/2002","8743.31"
"8/15/2002","8818.14"
"8/16/2002","8778.06"
"8/19/2002","8990.79"
"8/20/2002","8872.07"
"8/21/2002","8957.23"
"8/22/2002","9053.64"
"8/23/2002","8872.96"
"8/26/2002","8919.01"
"8/27/2002","8824.41"
"8/28/2002","8694.09"
"8/29/2002","8670.99"
"8/30/2002","8663.5"
"9/3/2002","8308.05"
"9/4/2002","8425.12"
"9/5/2002","8283.7"
"9/6/2002","8427.2"
"9/9/2002","8519.38"
"9/10/2002","8602.61"
"9/11/2002","8581.17"
"9/12/2002","8379.41"
"9/13/2002","8312.69"
"9/16/2002","8380.18"
"9/17/2002","8207.55"
"9/18/2002","8172.45"
"9/19/2002","7942.39"
"9/20/2002","7986.02"
"9/23/2002","7872.15"
"9/24/2002","7683.13"
"9/25/2002","7481.82"
"9/26/2002","7997.12"
"9/27/2002","7701.45"
"9/30/2002","7591.93"
"10/1/2002","7938.79"
"10/2/2002","7755.61"
"10/3/2002","7717.79"
"10/4/2002","7528.4"
"10/7/2002","7422.84"
"10/8/2002","7501.49"
"10/9/2002","7286.27"
"10/10/2002","7533.95"
"10/11/2002","7850.29"
"10/14/2002","7877.4"
"10/15/2002","8255.68"
"10/16/2002","8036.03"
"10/17/2002","8275.04"
"10/18/2002","8322.4"
"10/21/2002","8538.24"
"10/22/2002","8450.16"
"10/23/2002","8494.27"
"10/24/2002","8317.34"
"10/25/2002","8443.99"
"10/28/2002","8368.04"
"10/29/2002","8368.94"
"10/30/2002","8427.41"
"10/31/2002","8397.03"
"11/1/2002","8517.64"
"11/4/2002","8571.6"
"11/5/2002","8678.27"
"11/6/2002","8771.01"
"11/7/2002","8586.24"
"11/8/2002","8537.13"
"11/11/2002","8358.95"
"11/12/2002","8386"
"11/13/2002","8398.49"
"11/14/2002","8542.13"
"11/15/2002","8579.09"
"11/18/2002","8486.57"
"11/19/2002","8474.78"
"11/20/2002","8623.01"
"11/21/2002","8845.15"
"11/22/2002","8804.84"
"11/25/2002","8849.4"
"11/26/2002","8676.42"
"11/27/2002","8931.68"
"11/29/2002","8896.09"
"12/2/2002","8862.57"
"12/3/2002","8742.93"
"12/4/2002","8737.85"
"12/5/2002","8623.28"
"12/6/2002","8645.77"
"12/9/2002","8473.41"
"12/10/2002","8574.26"
"12/11/2002","8589.14"
"12/12/2002","8538.4"
"12/13/2002","8433.71"
"12/16/2002","8627.4"
"12/17/2002","8535.89"
"12/18/2002","8447.35"
"12/19/2002","8364.8"
"12/20/2002","8512.01"
"12/23/2002","8493.29"
"12/24/2002","8448.11"
"12/26/2002","8432.61"
"12/27/2002","8303.78"
"12/30/2002","8332.85"
"12/31/2002","8341.63"
"1/2/2003","8607.52"
"1/3/2003","8601.69"
"1/6/2003","8773.57"
"1/7/2003","8740.59"
"1/8/2003","8595.31"
"1/9/2003","8776.18"
"1/10/2003","8784.89"
"1/13/2003","8785.98"
"1/14/2003","8842.62"
"1/15/2003","8723.18"
"1/16/2003","8697.87"
"1/17/2003","8586.74"
"1/21/2003","8442.9"
"1/22/2003","8318.73"
"1/23/2003","8369.47"
"1/24/2003","8131.01"
"1/27/2003","7989.56"
"1/28/2003","8088.84"
"1/29/2003","8110.71"
"1/30/2003","7945.13"
"1/31/2003","8053.81"
"2/3/2003","8109.82"
"2/4/2003","8013.29"
"2/5/2003","7985.18"
"2/6/2003","7929.3"
"2/7/2003","7864.23"
"2/10/2003","7920.11"
"2/11/2003","7843.11"
"2/12/2003","7758.17"
"2/13/2003","7749.87"
"2/14/2003","7908.8"
"2/18/2003","8041.15"
"2/19/2003","8000.6"
"2/20/2003","7914.96"
"2/21/2003","8018.11"
"2/24/2003","7858.24"
"2/25/2003","7909.5"
"2/26/2003","7806.98"
"2/27/2003","7884.99"
"2/28/2003","7891.08"
"3/3/2003","7837.86"
"3/4/2003","7704.87"
"3/5/2003","7775.6"
"3/6/2003","7673.99"
"3/7/2003","7740.03"
"3/10/2003","7568.18"
"3/11/2003","7524.06"
"3/12/2003","7552.07"
"3/13/2003","7821.75"
"3/14/2003","7859.71"
"3/17/2003","8141.92"
"3/18/2003","8194.23"
"3/19/2003","8265.45"
"3/20/2003","8286.6"
"3/21/2003","8521.97"
"3/24/2003","8214.68"
"3/25/2003","8280.23"
"3/26/2003","8229.88"
"3/27/2003","8201.45"
"3/28/2003","8145.77"
"3/31/2003","7992.13"
"4/1/2003","8069.86"
"4/2/2003","8285.06"
"4/3/2003","8240.38"
"4/4/2003","8277.15"
"4/7/2003","8300.41"
"4/8/2003","8298.92"
"4/9/2003","8197.94"
"4/10/2003","8221.33"
"4/11/2003","8203.41"
"4/14/2003","8351.1"
"4/15/2003","8402.36"
"4/16/2003","8257.61"
"4/17/2003","8337.65"
"4/21/2003","8328.9"
"4/22/2003","8488.99"
"4/23/2003","8515.66"
"4/24/2003","8440.04"
"4/25/2003","8306.35"
"4/28/2003","8471.61"
"4/29/2003","8502.99"
"4/30/2003","8480.09"
"5/1/2003","8454.25"
"5/2/2003","8582.68"
"5/5/2003","8531.57"
"5/6/2003","8588.36"
"5/7/2003","8560.63"
"5/8/2003","8491.22"
"5/9/2003","8604.6"
"5/12/2003","8726.73"
"5/13/2003","8679.25"
"5/14/2003","8647.82"
"5/15/2003","8713.14"
"5/16/2003","8678.97"
"5/19/2003","8493.39"
"5/20/2003","8491.36"
"5/21/2003","8516.43"
"5/22/2003","8594.02"
"5/23/2003","8601.38"
"5/27/2003","8781.35"
"5/28/2003","8793.12"
"5/29/2003","8711.18"
"5/30/2003","8850.26"
"6/2/2003","8897.81"
"6/3/2003","8922.95"
"6/4/2003","9038.98"
"6/5/2003","9041.3"
"6/6/2003","9062.79"
"6/9/2003","8980"
"6/10/2003","9054.89"
"6/11/2003","9183.22"
"6/12/2003","9196.55"
"6/13/2003","9117.12"
"6/16/2003","9318.96"
"6/17/2003","9323.02"
"6/18/2003","9293.8"
"6/19/2003","9179.53"
"6/20/2003","9200.75"
"6/23/2003","9072.95"
"6/24/2003","9109.85"
"6/25/2003","9011.53"
"6/26/2003","9079.04"
"6/27/2003","8989.05"
"6/30/2003","8985.44"
"7/1/2003","9040.95"
"7/2/2003","9142.84"
"7/3/2003","9070.21"
"7/7/2003","9216.79"
"7/8/2003","9223.09"
"7/9/2003","9156.21"
"7/10/2003","9036.04"
"7/11/2003","9119.59"
"7/14/2003","9177.15"
"7/15/2003","9128.97"
"7/16/2003","9094.59"
"7/17/2003","9050.82"
"7/18/2003","9188.15"
"7/21/2003","9096.69"
"7/22/2003","9158.45"
"7/23/2003","9194.24"
"7/24/2003","9112.51"
"7/25/2003","9284.57"
"7/28/2003","9226.51"
"7/29/2003","9204.46"
"7/30/2003","9200.05"
"7/31/2003","9233.8"
"8/1/2003","9153.97"
"8/4/2003","9186.04"
"8/5/2003","9036.32"
"8/6/2003","9061.74"
"8/7/2003","9126.45"
"8/8/2003","9191.09"
"8/11/2003","9217.35"
"8/12/2003","9310.06"
"8/13/2003","9271.76"
"8/14/2003","9310.56"
"8/15/2003","9321.69"
"8/18/2003","9412.45"
"8/19/2003","9428.9"
"8/20/2003","9397.51"
"8/21/2003","9423.68"
"8/22/2003","9348.87"
"8/25/2003","9317.64"
"8/26/2003","9340.45"
"8/27/2003","9333.79"
"8/28/2003","9374.21"
"8/29/2003","9415.82"
"9/2/2003","9532.27"
"9/3/2003","9568.46"
"9/4/2003","9587.9"
"9/5/2003","9503.34"
"9/8/2003","9586.29"
"9/9/2003","9507.2"
"9/10/2003","9420.46"
"9/11/2003","9459.76"
"9/12/2003","9471.55"
"9/15/2003","9448.81"
"9/16/2003","9567.34"
"9/17/2003","9545.65"
"9/18/2003","9659.13"
"9/19/2003","9644.32"
"9/22/2003","9535.41"
"9/23/2003","9567.04"
"9/24/2003","9425.51"
"9/25/2003","9343.96"
"9/26/2003","9313.08"
"9/29/2003","9380.24"
"9/30/2003","9275.06"
"10/1/2003","9469.2"
"10/2/2003","9487.8"
"10/3/2003","9572.31"
"10/6/2003","9597.98"
"10/7/2003","9654.61"
"10/8/2003","9630.9"
"10/9/2003","9680.01"
"10/10/2003","9674.68"
"10/13/2003","9764.38"
"10/14/2003","9812.98"
"10/15/2003","9803.05"
"10/16/2003","9791.72"
"10/17/2003","9721.79"
"10/20/2003","9777.94"
"10/21/2003","9747.64"
"10/22/2003","9598.24"
"10/23/2003","9613.13"
"10/24/2003","9582.46"
"10/27/2003","9608.16"
"10/28/2003","9748.31"
"10/29/2003","9774.53"
"10/30/2003","9786.61"
"10/31/2003","9801.12"
"11/3/2003","9858.46"
"11/4/2003","9838.83"
"11/5/2003","9820.83"
"11/6/2003","9856.97"
"11/7/2003","9809.79"
"11/10/2003","9756.53"
"11/11/2003","9737.79"
"11/12/2003","9848.83"
"11/13/2003","9837.94"
"11/14/2003","9768.68"
"11/17/2003","9710.83"
"11/18/2003","9624.16"
"11/19/2003","9690.46"
"11/20/2003","9619.42"
"11/21/2003","9628.53"
"11/24/2003","9747.79"
"11/25/2003","9763.94"
"11/26/2003","9779.57"
"11/28/2003","9782.48"
"12/1/2003","9899.05"
"12/2/2003","9853.64"
"12/3/2003","9873.42"
"12/4/2003","9930.82"
"12/5/2003","9862.68"
"12/8/2003","9965.27"
"12/9/2003","9923.42"
"12/10/2003","9921.86"
"12/11/2003","10008.16"
"12/12/2003","10042.16"
"12/15/2003","10022.82"
"12/16/2003","10129.56"
"12/17/2003","10145.26"
"12/18/2003","10248.08"
"12/19/2003","10278.22"
"12/22/2003","10338"
"12/23/2003","10341.26"
"12/24/2003","10305.19"
"12/26/2003","10324.67"
"12/29/2003","10450"
"12/30/2003","10425.04"
"12/31/2003","10453.92"
"1/2/2004","10409.85"
"1/5/2004","10544.07"
"1/6/2004","10538.66"
"1/7/2004","10529.03"
"1/8/2004","10592.44"
"1/9/2004","10458.89"
"1/12/2004","10485.18"
"1/13/2004","10427.18"
"1/14/2004","10538.37"
"1/15/2004","10553.85"
"1/16/2004","10600.51"
"1/20/2004","10528.66"
"1/21/2004","10623.62"
"1/22/2004","10623.18"
"1/23/2004","10568.29"
"1/26/2004","10702.51"
"1/27/2004","10609.92"
"1/28/2004","10468.37"
"1/29/2004","10510.49"
"1/30/2004","10488.07"
"2/2/2004","10499.18"
"2/3/2004","10505.18"
"2/4/2004","10470.74"
"2/5/2004","10495.55"
"2/6/2004","10593.03"
"2/9/2004","10579.03"
"2/10/2004","10613.85"
"2/11/2004","10737.7"
"2/12/2004","10694.07"
"2/13/2004","10627.85"
"2/17/2004","10714.88"
"2/18/2004","10671.99"
"2/19/2004","10664.73"
"2/20/2004","10619.03"
"2/23/2004","10609.62"
"2/24/2004","10566.37"
"2/25/2004","10601.62"
"2/26/2004","10580.14"
"2/27/2004","10583.92"
"3/1/2004","10678.14"
"3/2/2004","10591.48"
"3/3/2004","10593.11"
"3/4/2004","10588"
"3/5/2004","10595.55"
"3/8/2004","10529.48"
"3/9/2004","10456.96"
"3/10/2004","10296.89"
"3/11/2004","10128.38"
"3/12/2004","10240.08"
"3/15/2004","10102.89"
"3/16/2004","10184.67"
"3/17/2004","10300.3"
"3/18/2004","10295.78"
"3/19/2004","10186.5"
"3/22/2004","10064.75"
"3/23/2004","10063.64"
"3/24/2004","10048.23"
"3/25/2004","10218.82"
"3/26/2004","10212.97"
"3/29/2004","10329.63"
"3/30/2004","10381.7"
"3/31/2004","10357.7"
"4/1/2004","10373.33"
"4/2/2004","10470.59"
"4/5/2004","10558.37"
"4/6/2004","10570.81"
"4/7/2004","10480.15"
"4/8/2004","10442.03"
"4/12/2004","10515.56"
"4/13/2004","10381.28"
"4/14/2004","10377.95"
"4/15/2004","10397.46"
"4/16/2004","10451.97"
"4/19/2004","10437.85"
"4/20/2004","10314.5"
"4/21/2004","10317.27"
"4/22/2004","10461.2"
"4/23/2004","10472.84"
"4/26/2004","10444.73"
"4/27/2004","10478.16"
"4/28/2004","10342.6"
"4/29/2004","10272.27"
"4/30/2004","10225.57"
"5/3/2004","10314"
"5/4/2004","10317.2"
"5/5/2004","10310.95"
"5/6/2004","10241.26"
"5/7/2004","10117.34"
"5/10/2004","9990.02"
"5/11/2004","10019.47"
"5/12/2004","10045.16"
"5/13/2004","10010.74"
"5/14/2004","10012.87"
"5/17/2004","9906.91"
"5/18/2004","9968.51"
"5/19/2004","9937.71"
"5/20/2004","9937.64"
"5/21/2004","9966.74"
"5/24/2004","9958.43"
"5/25/2004","10117.62"
"5/26/2004","10109.89"
"5/27/2004","10205.2"
"5/28/2004","10188.45"
"6/1/2004","10202.65"
"6/2/2004","10262.97"
"6/3/2004","10195.91"
"6/4/2004","10242.82"
"6/7/2004","10391.08"
"6/8/2004","10432.52"
"6/9/2004","10368.44"
"6/10/2004","10410.1"
"6/14/2004","10334.73"
"6/15/2004","10380.43"
"6/16/2004","10379.58"
"6/17/2004","10377.52"
"6/18/2004","10416.41"
"6/21/2004","10371.47"
"6/22/2004","10395.07"
"6/23/2004","10479.97"
"6/24/2004","10443.81"
"6/25/2004","10371.84"
"6/28/2004","10357.09"
"6/29/2004","10413.43"
"6/30/2004","10435.48"
"7/1/2004","10334.16"
"7/2/2004","10282.83"
"7/6/2004","10219.34"
"7/7/2004","10240.29"
"7/8/2004","10171.56"
"7/9/2004","10213.22"
"7/12/2004","10238.22"
"7/13/2004","10247.59"
"7/14/2004","10208.8"
"7/15/2004","10163.16"
"7/16/2004","10139.78"
"7/19/2004","10094.06"
"7/20/2004","10149.07"
"7/21/2004","10046.13"
"7/22/2004","10050.33"
"7/23/2004","9962.22"
"7/26/2004","9961.92"
"7/27/2004","10085.14"
"7/28/2004","10117.07"
"7/29/2004","10129.24"
"7/30/2004","10139.71"
"8/2/2004","10179.16"
"8/3/2004","10120.24"
"8/4/2004","10126.51"
"8/5/2004","9963.03"
"8/6/2004","9815.33"
"8/9/2004","9814.66"
"8/10/2004","9947.67"
"8/11/2004","9938.32"
"8/12/2004","9814.59"
"8/13/2004","9825.35"
"8/16/2004","9954.55"
"8/17/2004","9972.83"
"8/18/2004","10083.15"
"8/19/2004","10040.82"
"8/20/2004","10110.14"
"8/23/2004","10073.05"
"8/24/2004","10098.63"
"8/25/2004","10181.74"
"8/26/2004","10173.41"
"8/27/2004","10195.01"
"8/30/2004","10122.52"
"8/31/2004","10173.92"
"9/1/2004","10168.46"
"9/2/2004","10290.28"
"9/3/2004","10260.2"
"9/7/2004","10342.79"
"9/8/2004","10313.36"
"9/9/2004","10289.1"
"9/10/2004","10313.07"
"9/13/2004","10314.76"
"9/14/2004","10318.16"
"9/15/2004","10231.36"
"9/16/2004","10244.49"
"9/17/2004","10284.46"
"9/20/2004","10204.89"
"9/21/2004","10244.93"
"9/22/2004","10109.18"
"9/23/2004","10038.9"
"9/24/2004","10047.24"
"9/27/2004","9988.54"
"9/28/2004","10077.4"
"9/29/2004","10136.24"
"9/30/2004","10080.27"
"10/1/2004","10192.65"
"10/4/2004","10216.54"
"10/5/2004","10177.68"
"10/6/2004","10239.92"
"10/7/2004","10125.4"
"10/8/2004","10055.2"
"10/11/2004","10081.97"
"10/12/2004","10077.18"
"10/13/2004","10002.33"
"10/14/2004","9894.45"
"10/15/2004","9933.38"
"10/18/2004","9956.32"
"10/19/2004","9897.62"
"10/20/2004","9886.93"
"10/21/2004","9865.76"
"10/22/2004","9757.81"
"10/25/2004","9749.99"
"10/26/2004","9888.48"
"10/27/2004","10002.03"
"10/28/2004","10004.54"
"10/29/2004","10027.47"
"11/1/2004","10054.39"
"11/2/2004","10035.73"
"11/3/2004","10137.05"
"11/4/2004","10314.76"
"11/5/2004","10378.54"
"11/8/2004","10391.31"
"11/9/2004","10386.37"
"11/10/2004","10385.48"
"11/11/2004","10469.84"
"11/12/2004","10539.01"
"11/15/2004","10550.24"
"11/16/2004","10487.65"
"11/17/2004","10549.57"
"11/18/2004","10572.55"
"11/19/2004","10456.91"
"11/22/2004","10489.72"
"11/23/2004","10492.6"
"11/24/2004","10520.31"
"11/26/2004","10522.23"
"11/29/2004","10475.9"
"11/30/2004","10428.02"
"12/1/2004","10590.22"
"12/2/2004","10585.12"
"12/3/2004","10592.21"
"12/6/2004","10547.06"
"12/7/2004","10440.58"
"12/8/2004","10494.23"
"12/9/2004","10552.82"
"12/10/2004","10543.22"
"12/13/2004","10638.32"
"12/14/2004","10676.45"
"12/15/2004","10691.45"
"12/16/2004","10705.64"
"12/17/2004","10649.92"
"12/20/2004","10661.66"
"12/21/2004","10759.43"
"12/22/2004","10815.89"
"12/23/2004","10827.12"
"12/27/2004","10776.13"
"12/28/2004","10854.54"
"12/29/2004","10829.19"
"12/30/2004","10800.3"
"12/31/2004","10783.01"
"1/3/2005","10729.43"
"1/4/2005","10630.78"
"1/5/2005","10597.83"
"1/6/2005","10622.88"
"1/7/2005","10603.96"
"1/10/2005","10621.03"
"1/11/2005","10556.22"
"1/12/2005","10617.78"
"1/13/2005","10505.83"
"1/14/2005","10558"
"1/18/2005","10628.79"
"1/19/2005","10539.97"
"1/20/2005","10471.47"
"1/21/2005","10392.99"
"1/24/2005","10368.61"
"1/25/2005","10461.56"
"1/26/2005","10498.59"
"1/27/2005","10467.4"
"1/28/2005","10420.2"
"1/31/2005","10489.94"
"2/1/2005","10551.94"
"2/2/2005","10596.79"
"2/3/2005","10593.1"
"2/4/2005","10716.13"
"2/7/2005","10715.76"
"2/8/2005","10724.63"
"2/9/2005","10664.11"
"2/10/2005","10749.61"
"2/11/2005","10796.01"
"2/14/2005","10791.13"
"2/15/2005","10837.32"
"2/16/2005","10834.88"
"2/17/2005","10754.26"
"2/18/2005","10785.22"
"2/22/2005","10611.2"
"2/23/2005","10673.79"
"2/24/2005","10748.79"
"2/25/2005","10841.6"
"2/28/2005","10766.23"
"3/1/2005","10830"
"3/2/2005","10811.97"
"3/3/2005","10833.03"
"3/4/2005","10940.55"
"3/7/2005","10936.86"
"3/8/2005","10912.62"
"3/9/2005","10805.62"
"3/10/2005","10851.51"
"3/11/2005","10774.36"
"3/14/2005","10804.51"
"3/15/2005","10745.1"
"3/16/2005","10633.07"
"3/17/2005","10626.35"
"3/18/2005","10629.67"
"3/21/2005","10565.29"
"3/22/2005","10470.51"
"3/23/2005","10456.02"
"3/24/2005","10442.87"
"3/28/2005","10485.65"
"3/29/2005","10405.7"
"3/30/2005","10540.93"
"3/31/2005","10503.76"
"4/1/2005","10404.3"
"4/4/2005","10421.14"
"4/5/2005","10458.46"
"4/6/2005","10486.02"
"4/7/2005","10546.32"
"4/8/2005","10461.34"
"4/11/2005","10448.56"
"4/12/2005","10507.97"
"4/13/2005","10403.93"
"4/14/2005","10278.75"
"4/15/2005","10087.51"
"4/18/2005","10071.25"
"4/19/2005","10127.41"
"4/20/2005","10012.36"
"4/21/2005","10218.6"
"4/22/2005","10157.71"
"4/25/2005","10242.47"
"4/26/2005","10151.13"
"4/27/2005","10198.8"
"4/28/2005","10070.37"
"4/29/2005","10192.51"
"5/2/2005","10251.7"
"5/3/2005","10256.95"
"5/4/2005","10384.64"
"5/5/2005","10340.48"
"5/6/2005","10345.4"
"5/9/2005","10384.34"
"5/10/2005","10281.11"
"5/11/2005","10300.25"
"5/12/2005","10189.48"
"5/13/2005","10140.12"
"5/16/2005","10252.29"
"5/17/2005","10331.88"
"5/18/2005","10464.45"
"5/19/2005","10493.19"
"5/20/2005","10471.91"
"5/23/2005","10523.56"
"5/24/2005","10503.68"
"5/25/2005","10457.8"
"5/26/2005","10537.6"
"5/27/2005","10542.55"
"5/31/2005","10467.48"
"6/1/2005","10549.87"
"6/2/2005","10553.49"
"6/3/2005","10460.97"
"6/6/2005","10467.03"
"6/7/2005","10483.07"
"6/8/2005","10476.86"
"6/9/2005","10503.02"
"6/10/2005","10512.63"
"6/13/2005","10522.56"
"6/14/2005","10547.57"
"6/15/2005","10566.37"
"6/16/2005","10578.65"
"6/17/2005","10623.07"
"6/20/2005","10609.11"
"6/21/2005","10599.67"
"6/22/2005","10587.93"
"6/23/2005","10421.44"
"6/24/2005","10297.84"
"6/27/2005","10290.78"
"6/28/2005","10405.63"
"6/29/2005","10374.48"
"6/30/2005","10274.97"
"7/1/2005","10303.44"
"7/5/2005","10371.8"
"7/6/2005","10270.68"
"7/7/2005","10302.29"
"7/8/2005","10449.14"
"7/11/2005","10519.72"
"7/12/2005","10513.89"
"7/13/2005","10557.39"
"7/14/2005","10628.89"
"7/15/2005","10640.83"
"7/18/2005","10574.99"
"7/19/2005","10646.56"
"7/20/2005","10689.15"
"7/21/2005","10627.77"
"7/22/2005","10651.18"
"7/25/2005","10596.48"
"7/26/2005","10579.77"
"7/27/2005","10637.09"
"7/28/2005","10705.55"
"7/29/2005","10640.91"
"8/1/2005","10623.15"
"8/2/2005","10683.74"
"8/3/2005","10697.59"
"8/4/2005","10610.1"
"8/5/2005","10588.03"
"8/8/2005","10536.93"
"8/9/2005","10615.67"
"8/10/2005","10594.41"
"8/11/2005","10685.59"
"8/12/2005","10600.31"
"8/15/2005","10634.38"
"8/16/2005","10513.45"
"8/17/2005","10550.71"
"8/18/2005","10554.93"
"8/19/2005","10559.23"
"8/22/2005","10569.89"
"8/23/2005","10519.58"
"8/24/2005","10434.87"
"8/25/2005","10450.63"
"8/26/2005","10397.29"
"8/29/2005","10463.05"
"8/30/2005","10412.82"
"8/31/2005","10481.6"
"9/1/2005","10459.63"
"9/2/2005","10447.37"
"9/6/2005","10589.24"
"9/7/2005","10633.5"
"9/8/2005","10595.93"
"9/9/2005","10678.56"
"9/12/2005","10682.94"
"9/13/2005","10592.44"
"9/14/2005","10544.9"
"9/15/2005","10558.75"
"9/16/2005","10641.94"
"9/19/2005","10557.63"
"9/20/2005","10481.52"
"9/21/2005","10378.03"
"9/22/2005","10422.05"
"9/23/2005","10419.59"
"9/26/2005","10443.63"
"9/27/2005","10456.21"
"9/28/2005","10473.09"
"9/29/2005","10552.78"
"9/30/2005","10568.7"
"10/3/2005","10535.48"
"10/4/2005","10434.79"
"10/5/2005","10317.36"
"10/6/2005","10278.1"
"10/7/2005","10292.31"
"10/10/2005","10238.76"
"10/11/2005","10253.17"
"10/12/2005","10216.91"
"10/13/2005","10216.59"
"10/14/2005","10287.34"
"10/17/2005","10348.1"
"10/18/2005","10285.26"
"10/19/2005","10414.13"
"10/20/2005","10281.1"
"10/21/2005","10215.22"
"10/24/2005","10385"
"10/25/2005","10377.87"
"10/26/2005","10344.98"
"10/27/2005","10229.95"
"10/28/2005","10402.77"
"10/31/2005","10440.07"
"11/1/2005","10406.77"
"11/2/2005","10472.73"
"11/3/2005","10522.59"
"11/4/2005","10530.76"
"11/7/2005","10586.23"
"11/8/2005","10539.72"
"11/9/2005","10546.21"
"11/10/2005","10530.76"
"11/11/2005","10686.04"
"11/14/2005","10697.17"
"11/15/2005","10686.44"
"11/16/2005","10674.76"
"11/17/2005","10720.22"
"11/18/2005","10766.33"
"11/21/2005","10820.28"
"11/22/2005","10871.43"
"11/23/2005","10916.09"
"11/25/2005","10931.62"
"11/28/2005","10890.72"
"11/29/2005","10888.16"
"11/30/2005","10805.87"
"12/1/2005","10912.57"
"12/2/2005","10877.51"
"12/5/2005","10835.01"
"12/6/2005","10856.86"
"12/7/2005","10801.91"
"12/8/2005","10755.12"
"12/9/2005","10778.58"
"12/12/2005","10767.77"
"12/13/2005","10823.72"
"12/14/2005","10883.51"
"12/15/2005","10881.67"
"12/16/2005","10875.59"
"12/19/2005","10836.53"
"12/20/2005","10805.55"
"12/21/2005","10833.73"
"12/22/2005","10889.54"
"12/23/2005","10883.27"
"12/27/2005","10777.77"
"12/28/2005","10796.26"
"12/29/2005","10784.82"
"12/30/2005","10717.5"
"1/3/2006","10847.41"
"1/4/2006","10880.15"
"1/5/2006","10882.15"
"1/6/2006","10959.31"
"1/9/2006","11011.9"
"1/10/2006","11011.58"
"1/11/2006","11043.44"
"1/12/2006","10932.36"
"1/13/2006","10959.87"
"1/17/2006","10896.32"
"1/18/2006","10854.86"
"1/19/2006","10880.71"
"1/20/2006","10667.39"
"1/23/2006","10688.77"
"1/24/2006","10712.22"
"1/25/2006","10709.74"
"1/26/2006","10809.47"
"1/27/2006","10907.21"
"1/30/2006","10899.92"
"1/31/2006","10824.86"
"2/1/2006","10953.95"
"2/2/2006","10851.98"
"2/3/2006","10793.62"
"2/6/2006","10798.27"
"2/7/2006","10749.76"
"2/8/2006","10858.62"
"2/9/2006","10883.35"
"2/10/2006","10919.05"
"2/13/2006","10892.32"
"2/14/2006","11028.39"
"2/15/2006","11058.97"
"2/16/2006","11120.68"
"2/17/2006","11115.32"
"2/21/2006","11069.06"
"2/22/2006","11137.17"
"2/23/2006","11069.22"
"2/24/2006","11061.85"
"2/27/2006","11097.55"
"2/28/2006","10993.41"
"3/1/2006","11053.53"
"3/2/2006","11025.51"
"3/3/2006","11021.59"
"3/6/2006","10958.59"
"3/7/2006","10980.69"
"3/8/2006","11005.74"
"3/9/2006","10972.28"
"3/10/2006","11076.34"
"3/13/2006","11076.02"
"3/14/2006","11151.34"
"3/15/2006","11209.77"
"3/16/2006","11253.24"
"3/17/2006","11279.64"
"3/20/2006","11274.53"
"3/21/2006","11235.47"
"3/22/2006","11317.43"
"3/23/2006","11270.29"
"3/24/2006","11279.97"
"3/27/2006","11250.11"
"3/28/2006","11154.54"
"3/29/2006","11215.7"
"3/30/2006","11150.7"
"3/31/2006","11109.32"
"4/3/2006","11144.94"
"4/4/2006","11203.85"
"4/5/2006","11239.55"
"4/6/2006","11216.5"
"4/7/2006","11120.04"
"4/10/2006","11141.33"
"4/11/2006","11089.63"
"4/12/2006","11129.97"
"4/13/2006","11137.65"
"4/17/2006","11073.78"
"4/18/2006","11263.77"
"4/19/2006","11287.77"
"4/20/2006","11342.89"
"4/21/2006","11347.45"
"4/24/2006","11336.32"
"4/25/2006","11283.25"
"4/26/2006","11354.49"
"4/27/2006","11382.51"
"4/28/2006","11367.14"
"5/1/2006","11343.29"
"5/2/2006","11416.45"
"5/3/2006","11400.28"
"5/4/2006","11438.86"
"5/5/2006","11577.74"
"5/8/2006","11584.54"
"5/9/2006","11639.77"
"5/10/2006","11642.65"
"5/11/2006","11500.73"
"5/12/2006","11380.99"
"5/15/2006","11428.77"
"5/16/2006","11419.89"
"5/17/2006","11205.61"
"5/18/2006","11128.29"
"5/19/2006","11144.06"
"5/22/2006","11125.33"
"5/23/2006","11098.35"
"5/24/2006","11117.32"
"5/25/2006","11211.05"
"5/26/2006","11278.61"
"5/30/2006","11094.43"
"5/31/2006","11168.31"
"6/1/2006","11260.28"
"6/2/2006","11247.87"
"6/5/2006","11048.72"
"6/6/2006","11002.14"
"6/7/2006","10930.9"
"6/8/2006","10938.82"
"6/9/2006","10891.92"
"6/12/2006","10792.48"
"6/13/2006","10706.14"
"6/14/2006","10816.92"
"6/15/2006","11015.19"
"6/16/2006","11014.55"
"6/19/2006","10942.11"
"6/20/2006","10974.84"
"6/21/2006","11079.46"
"6/22/2006","11019.11"
"6/23/2006","10989.09"
"6/26/2006","11045.28"
"6/27/2006","10924.74"
"6/28/2006","10973.56"
"6/29/2006","11190.8"
"6/30/2006","11150.22"
"7/3/2006","11228.02"
"7/5/2006","11151.82"
"7/6/2006","11225.3"
"7/7/2006","11090.67"
"7/10/2006","11103.55"
"7/11/2006","11134.77"
"7/12/2006","11013.18"
"7/13/2006","10846.29"
"7/14/2006","10739.35"
"7/17/2006","10747.36"
"7/18/2006","10799.23"
"7/19/2006","11011.42"
"7/20/2006","10928.1"
"7/21/2006","10868.38"
"7/24/2006","11051.05"
"7/25/2006","11103.71"
"7/26/2006","11102.51"
"7/27/2006","11100.43"
"7/28/2006","11219.7"
"7/31/2006","11185.68"
"8/1/2006","11125.73"
"8/2/2006","11199.93"
"8/3/2006","11242.59"
"8/4/2006","11240.35"
"8/7/2006","11219.38"
"8/8/2006","11173.59"
"8/9/2006","11076.18"
"8/10/2006","11124.37"
"8/11/2006","11088.03"
"8/14/2006","11097.87"
"8/15/2006","11230.26"
"8/16/2006","11327.12"
"8/17/2006","11334.96"
"8/18/2006","11381.47"
"8/21/2006","11345.05"
"8/22/2006","11339.84"
"8/23/2006","11297.9"
"8/24/2006","11304.46"
"8/25/2006","11284.05"
"8/28/2006","11352.01"
"8/29/2006","11369.94"
"8/30/2006","11382.91"
"8/31/2006","11381.15"
"9/1/2006","11464.25"
"9/5/2006","11469.28"
"9/6/2006","11406.2"
"9/7/2006","11331.44"
"9/8/2006","11392.11"
"9/11/2006","11396.84"
"9/12/2006","11498.09"
"9/13/2006","11543.32"
"9/14/2006","11527.39"
"9/15/2006","11560.77"
"9/18/2006","11555"
"9/19/2006","11540.91"
"9/20/2006","11613.19"
"9/21/2006","11533.23"
"9/22/2006","11508.1"
"9/25/2006","11575.81"
"9/26/2006","11669.39"
"9/27/2006","11689.24"
"9/28/2006","11718.45"
"9/29/2006","11679.07"
"10/2/2006","11670.35"
"10/3/2006","11727.34"
"10/4/2006","11850.61"
"10/5/2006","11866.69"
"10/6/2006","11850.21"
"10/9/2006","11857.81"
"10/10/2006","11867.17"
"10/11/2006","11852.13"
"10/12/2006","11947.7"
"10/13/2006","11960.51"
"10/16/2006","11980.6"
"10/17/2006","11950.02"
"10/18/2006","11992.68"
"10/19/2006","12011.73"
"10/20/2006","12002.37"
"10/23/2006","12116.91"
"10/24/2006","12127.88"
"10/25/2006","12134.68"
"10/26/2006","12163.66"
"10/27/2006","12090.26"
"10/30/2006","12086.5"
"10/31/2006","12080.73"
"11/1/2006","12031.02"
"11/2/2006","12018.54"
"11/3/2006","11986.04"
"11/6/2006","12105.55"
"11/7/2006","12156.77"
"11/8/2006","12176.54"
"11/9/2006","12103.3"
"11/10/2006","12108.43"
"11/13/2006","12131.88"
"11/14/2006","12218.01"
"11/15/2006","12251.71"
"11/16/2006","12305.82"
"11/17/2006","12342.58"
"11/20/2006","12316.54"
"11/21/2006","12321.59"
"11/22/2006","12326.95"
"11/24/2006","12280.17"
"11/27/2006","12121.71"
"11/28/2006","12136.45"
"11/29/2006","12226.73"
"11/30/2006","12221.93"
"12/1/2006","12194.13"
"12/4/2006","12283.85"
"12/5/2006","12331.6"
"12/6/2006","12309.25"
"12/7/2006","12278.43"
"12/8/2006","12307.49"
"12/11/2006","12328.48"
"12/12/2006","12315.58"
"12/13/2006","12317.5"
"12/14/2006","12416.76"
"12/15/2006","12445.92"
"12/18/2006","12441.27"
"12/19/2006","12471.32"
"12/20/2006","12463.87"
"12/21/2006","12421.25"
"12/22/2006","12343.22"
"12/26/2006","12407.63"
"12/27/2006","12510.57"
"12/28/2006","12501.52"
"12/29/2006","12463.15"
"1/3/2007","12474.52"
"1/4/2007","12480.69"
"1/5/2007","12398.01"
"1/8/2007","12423.49"
"1/9/2007","12416.6"
"1/10/2007","12442"
"1/11/2007","12514.98"
"1/12/2007","12556.08"
"1/16/2007","12582.59"
"1/17/2007","12577.15"
"1/18/2007","12567.93"
"1/19/2007","12565.93"
"1/22/2007","12477.16"
"1/23/2007","12533.81"
"1/24/2007","12621.77"
"1/25/2007","12502.56"
"1/26/2007","12487.02"
"1/29/2007","12490.78"
"1/30/2007","12523.31"
"1/31/2007","12621.69"
"2/1/2007","12673.68"
"2/2/2007","12653.49"
"2/5/2007","12661.75"
"2/6/2007","12666.31"
"2/7/2007","12666.87"
"2/8/2007","12637.63"
"2/9/2007","12580.83"
"2/12/2007","12552.56"
"2/13/2007","12654.85"
"2/14/2007","12741.86"
"2/15/2007","12765.01"
"2/16/2007","12767.57"
"2/20/2007","12786.64"
"2/21/2007","12738.41"
"2/22/2007","12686.02"
"2/23/2007","12647.48"
"2/26/2007","12632.26"
"2/27/2007","12216.24"
"2/28/2007","12268.63"
"3/1/2007","12234.34"
"3/2/2007","12114.1"
"3/5/2007","12050.41"
"3/6/2007","12207.59"
"3/7/2007","12192.45"
"3/8/2007","12260.7"
"3/9/2007","12276.32"
"3/12/2007","12318.63"
"3/13/2007","12075.96"
"3/14/2007","12133.4"
"3/15/2007","12159.68"
"3/16/2007","12110.41"
"3/19/2007","12226.17"
"3/20/2007","12288.1"
"3/21/2007","12447.52"
"3/22/2007","12461.14"
"3/23/2007","12481.01"
"3/26/2007","12469.07"
"3/27/2007","12397.29"
"3/28/2007","12300.36"
"3/29/2007","12348.75"
"3/30/2007","12354.35"
"4/2/2007","12382.3"
"4/3/2007","12510.93"
"4/4/2007","12530.05"
"4/5/2007","12560.83"
"4/9/2007","12569.14"
"4/10/2007","12574.48"
"4/11/2007","12484.62"
"4/12/2007","12552.96"
"4/13/2007","12612.13"
"4/16/2007","12720.46"
"4/17/2007","12773.04"
"4/18/2007","12803.84"
"4/19/2007","12808.63"
"4/20/2007","12961.98"
"4/23/2007","12919.4"
"4/24/2007","12953.94"
"4/25/2007","13089.89"
"4/26/2007","13105.5"
"4/27/2007","13120.94"
"4/30/2007","13062.91"
"5/1/2007","13136.14"
"5/2/2007","13211.88"
"5/3/2007","13241.38"
"5/4/2007","13264.62"
"5/7/2007","13312.97"
"5/8/2007","13309.07"
"5/9/2007","13362.87"
"5/10/2007","13215.13"
"5/11/2007","13326.22"
"5/14/2007","13346.78"
"5/15/2007","13383.84"
"5/16/2007","13487.53"
"5/17/2007","13476.72"
"5/18/2007","13556.53"
"5/21/2007","13542.88"
"5/22/2007","13539.95"
"5/23/2007","13525.65"
"5/24/2007","13441.13"
"5/25/2007","13507.28"
"5/29/2007","13521.34"
"5/30/2007","13633.08"
"5/31/2007","13627.64"
"6/1/2007","13668.11"
"6/4/2007","13676.32"
"6/5/2007","13595.46"
"6/6/2007","13465.67"
"6/7/2007","13266.73"
"6/8/2007","13424.39"
"6/11/2007","13424.96"
"6/12/2007","13295.01"
"6/13/2007","13482.35"
"6/14/2007","13553.73"
"6/15/2007","13639.48"
"6/18/2007","13612.98"
"6/19/2007","13635.42"
"6/20/2007","13489.42"
"6/21/2007","13545.84"
"6/22/2007","13360.26"
"6/25/2007","13352.05"
"6/26/2007","13337.66"
"6/27/2007","13427.73"
"6/28/2007","13422.28"
"6/29/2007","13408.62"
"7/2/2007","13535.43"
"7/3/2007","13577.3"
"7/5/2007","13565.84"
"7/6/2007","13611.68"
"7/9/2007","13649.97"
"7/10/2007","13501.7"
"7/11/2007","13577.87"
"7/12/2007","13861.73"
"7/13/2007","13907.25"
"7/16/2007","13950.98"
"7/17/2007","13971.55"
"7/18/2007","13918.22"
"7/19/2007","14000.41"
"7/20/2007","13851.08"
"7/23/2007","13943.42"
"7/24/2007","13716.95"
"7/25/2007","13785.79"
"7/26/2007","13473.57"
"7/27/2007","13265.47"
"7/30/2007","13358.31"
"7/31/2007","13211.99"
"8/1/2007","13362.37"
"8/2/2007","13463.33"
"8/3/2007","13181.91"
"8/6/2007","13468.78"
"8/7/2007","13504.3"
"8/8/2007","13657.86"
"8/9/2007","13270.68"
"8/10/2007","13239.54"
"8/13/2007","13236.53"
"8/14/2007","13028.92"
"8/15/2007","12861.47"
"8/16/2007","12845"
"8/17/2007","13079.08"
"8/20/2007","13121.35"
"8/21/2007","13090.86"
"8/22/2007","13236.13"
"8/23/2007","13235.88"
"8/24/2007","13378.87"
"8/27/2007","13322.13"
"8/28/2007","13041.85"
"8/29/2007","13289.29"
"8/30/2007","13238.73"
"8/31/2007","13357.74"
"9/4/2007","13448.66"
"9/5/2007","13305.47"
"9/6/2007","13363.35"
"9/7/2007","13113.38"
"9/10/2007","13127.85"
"9/11/2007","13308.39"
"9/12/2007","13291.65"
"9/13/2007","13424.88"
"9/14/2007","13442.52"
"9/17/2007","13403.42"
"9/18/2007","13739.39"
"9/19/2007","13815.56"
"9/20/2007","13766.7"
"9/21/2007","13820.19"
"9/24/2007","13759.06"
"9/25/2007","13778.65"
"9/26/2007","13878.15"
"9/27/2007","13912.94"
"9/28/2007","13895.63"
"10/1/2007","14087.55"
"10/2/2007","14047.31"
"10/3/2007","13968.05"
"10/4/2007","13974.31"
"10/5/2007","14066.01"
"10/8/2007","14043.73"
"10/9/2007","14164.53"
"10/10/2007","14078.69"
"10/11/2007","14015.12"
"10/12/2007","14093.08"
"10/15/2007","13984.8"
"10/16/2007","13912.94"
"10/17/2007","13892.54"
"10/18/2007","13888.96"
"10/19/2007","13522.02"
"10/22/2007","13566.97"
"10/23/2007","13676.23"
"10/24/2007","13675.25"
"10/25/2007","13671.92"
"10/26/2007","13806.7"
"10/29/2007","13870.26"
"10/30/2007","13792.47"
"10/31/2007","13930.01"
"11/1/2007","13567.67"
"11/2/2007","13595.1"
"11/5/2007","13543.4"
"11/6/2007","13660.94"
"11/7/2007","13300.02"
"11/8/2007","13266.29"
"11/9/2007","13042.74"
"11/12/2007","12987.55"
"11/13/2007","13307.09"
"11/14/2007","13231.01"
"11/15/2007","13110.15"
"11/16/2007","13176.79"
"11/19/2007","12958.44"
"11/20/2007","13010.14"
"11/21/2007","12799.04"
"11/23/2007","12980.88"
"11/26/2007","12743.44"
"11/27/2007","12958.44"
"11/28/2007","13289.45"
"11/29/2007","13311.73"
"11/30/2007","13371.72"
"12/3/2007","13314.57"
"12/4/2007","13248.73"
"12/5/2007","13444.96"
"12/6/2007","13619.89"
"12/7/2007","13625.58"
"12/10/2007","13727.03"
"12/11/2007","13432.77"
"12/12/2007","13473.9"
"12/13/2007","13517.96"
"12/14/2007","13339.85"
"12/17/2007","13167.2"
"12/18/2007","13232.47"
"12/19/2007","13207.27"
"12/20/2007","13245.64"
"12/21/2007","13450.65"
"12/24/2007","13550.04"
"12/26/2007","13551.69"
"12/27/2007","13359.61"
"12/28/2007","13365.87"
"12/31/2007","13264.82"
"1/2/2008","13043.96"
"1/3/2008","13056.72"
"1/4/2008","12800.18"
"1/7/2008","12827.49"
"1/8/2008","12589.07"
"1/9/2008","12735.31"
"1/10/2008","12853.09"
"1/11/2008","12606.3"
"1/14/2008","12778.15"
"1/15/2008","12501.11"
"1/16/2008","12466.16"
"1/17/2008","12159.21"
"1/18/2008","12099.3"
"1/22/2008","11971.19"
"1/23/2008","12270.17"
"1/24/2008","12378.61"
"1/25/2008","12207.17"
"1/28/2008","12383.89"
"1/29/2008","12480.3"
"1/30/2008","12442.83"
"1/31/2008","12650.36"
"2/1/2008","12743.19"
"2/4/2008","12635.16"
"2/5/2008","12265.13"
"2/6/2008","12200.1"
"2/7/2008","12247"
"2/8/2008","12182.13"
"2/11/2008","12240.01"
"2/12/2008","12373.41"
"2/13/2008","12552.24"
"2/14/2008","12376.98"
"2/15/2008","12348.21"
"2/19/2008","12337.22"
"2/20/2008","12427.26"
"2/21/2008","12284.3"
"2/22/2008","12381.02"
"2/25/2008","12570.22"
"2/26/2008","12684.92"
"2/27/2008","12694.28"
"2/28/2008","12582.18"
"2/29/2008","12266.39"
"3/3/2008","12258.9"
"3/4/2008","12213.8"
"3/5/2008","12254.99"
"3/6/2008","12040.39"
"3/7/2008","11893.69"
"3/10/2008","11740.15"
"3/11/2008","12156.81"
"3/12/2008","12110.24"
"3/13/2008","12145.74"
"3/14/2008","11951.09"
"3/17/2008","11972.25"
"3/18/2008","12392.66"
"3/19/2008","12099.66"
"3/20/2008","12361.32"
"3/24/2008","12548.64"
"3/25/2008","12532.6"
"3/26/2008","12422.86"
"3/27/2008","12302.46"
"3/28/2008","12216.4"
"3/31/2008","12262.89"
"4/1/2008","12654.36"
"4/2/2008","12608.92"
"4/3/2008","12626.03"
"4/4/2008","12609.42"
"4/7/2008","12612.43"
"4/8/2008","12576.44"
"4/9/2008","12527.26"
"4/10/2008","12581.98"
"4/11/2008","12325.42"
"4/14/2008","12302.06"
"4/15/2008","12362.47"
"4/16/2008","12619.27"
"4/17/2008","12620.49"
"4/18/2008","12849.36"
"4/21/2008","12825.02"
"4/22/2008","12720.23"
"4/23/2008","12763.22"
"4/24/2008","12848.95"
"4/25/2008","12891.86"
"4/28/2008","12871.75"
"4/29/2008","12831.94"
"4/30/2008","12820.13"
"5/1/2008","13010"
"5/2/2008","13058.2"
"5/5/2008","12969.54"
"5/6/2008","13020.83"
"5/7/2008","12814.35"
"5/8/2008","12866.78"
"5/9/2008","12745.88"
"5/12/2008","12876.05"
"5/13/2008","12832.18"
"5/14/2008","12898.38"
"5/15/2008","12992.66"
"5/16/2008","12986.8"
"5/19/2008","13028.16"
"5/20/2008","12828.68"
"5/21/2008","12601.19"
"5/22/2008","12625.62"
"5/23/2008","12479.63"
"5/27/2008","12548.35"
"5/28/2008","12594.03"
"5/29/2008","12646.22"
"5/30/2008","12638.32"
"6/2/2008","12503.82"
"6/3/2008","12402.85"
"6/4/2008","12390.48"
"6/5/2008","12604.45"
"6/6/2008","12209.81"
"6/9/2008","12280.32"
"6/10/2008","12289.76"
"6/11/2008","12083.77"
"6/12/2008","12141.58"
"6/13/2008","12307.35"
"6/16/2008","12269.08"
"6/17/2008","12160.3"
"6/18/2008","12029.06"
"6/19/2008","12063.09"
"6/20/2008","11842.69"
"6/23/2008","11842.36"
"6/24/2008","11807.43"
"6/25/2008","11811.83"
"6/26/2008","11453.42"
"6/27/2008","11346.51"
"6/30/2008","11350.01"
"7/1/2008","11382.26"
"7/2/2008","11215.51"
"7/3/2008","11288.02"
"7/7/2008","11231.96"
"7/8/2008","11384.21"
"7/9/2008","11147.44"
"7/10/2008","11229.02"
"7/11/2008","11100.54"
"7/14/2008","11055.19"
"7/15/2008","10962.54"
"7/16/2008","11239.28"
"7/17/2008","11446.66"
"7/18/2008","11496.57"
"7/21/2008","11467.34"
"7/22/2008","11602.5"
"7/23/2008","11632.38"
"7/24/2008","11349.28"
"7/25/2008","11370.69"
"7/28/2008","11131.08"
"7/29/2008","11397.56"
"7/30/2008","11583.69"
"7/31/2008","11378.02"
"8/1/2008","11326.32"
"8/4/2008","11284.15"
"8/5/2008","11615.77"
"8/6/2008","11656.07"
"8/7/2008","11431.43"
"8/8/2008","11734.32"
"8/11/2008","11782.35"
"8/12/2008","11642.47"
"8/13/2008","11532.47"
"8/14/2008","11615.93"
"8/15/2008","11659.9"
"8/18/2008","11479.39"
"8/19/2008","11348.55"
"8/20/2008","11417.43"
"8/21/2008","11430.21"
"8/22/2008","11628.06"
"8/25/2008","11386.25"
"8/26/2008","11412.87"
"8/27/2008","11502.21"
"8/28/2008","11715.18"
"8/29/2008","11543.55"
"9/2/2008","11516.92"
"9/3/2008","11532.88"
"9/4/2008","11188.23"
"9/5/2008","11220.96"
"9/8/2008","11510.74"
"9/9/2008","11230.73"
"9/10/2008","11268.92"
"9/11/2008","11433.71"
"9/12/2008","11421.99"
"9/15/2008","10917.51"
"9/16/2008","11059.02"
"9/17/2008","10609.66"
"9/18/2008","11019.69"
"9/19/2008","11388.44"
"9/22/2008","11015.69"
"9/23/2008","10854.17"
"9/24/2008","10825.17"
"9/25/2008","11022.06"
"9/26/2008","11143.13"
"9/29/2008","10365.45"
"9/30/2008","10850.66"
"10/1/2008","10831.07"
"10/2/2008","10482.85"
"10/3/2008","10325.38"
"10/6/2008","9955.5"
"10/7/2008","9447.11"
"10/8/2008","9258.1"
"10/9/2008","8579.19"
"10/10/2008","8451.19"
"10/13/2008","9387.61"
"10/14/2008","9310.99"
"10/15/2008","8577.91"
"10/16/2008","8979.26"
"10/17/2008","8852.22"
"10/20/2008","9265.43"
"10/21/2008","9045.21"
"10/22/2008","8519.21"
"10/23/2008","8691.25"
"10/24/2008","8278.95"
"10/27/2008","8175.77"
"10/28/2008","9065.12"
"10/29/2008","8990.96"
"10/30/2008","9180.69"
"10/31/2008","9336.93"
"11/3/2008","9319.83"
"11/4/2008","9625.28"
"11/5/2008","9139.27"
"11/6/2008","8695.79"
"11/7/2008","8943.81"
"11/10/2008","8870.54"
"11/11/2008","8693.96"
"11/12/2008","8282.66"
"11/13/2008","8835.25"
"11/14/2008","8497.31"
"11/17/2008","8273.58"
"11/18/2008","8424.75"
"11/19/2008","7997.28"
"11/20/2008","7552.29"
"11/21/2008","8046.42"
"11/24/2008","8443.39"
"11/25/2008","8479.47"
"11/26/2008","8726.61"
"11/28/2008","8829.04"
"12/1/2008","8149.09"
"12/2/2008","8419.09"
"12/3/2008","8591.69"
"12/4/2008","8376.24"
"12/5/2008","8635.42"
"12/8/2008","8934.18"
"12/9/2008","8691.33"
"12/10/2008","8761.42"
"12/11/2008","8565.09"
"12/12/2008","8629.68"
"12/15/2008","8564.53"
"12/16/2008","8924.14"
"12/17/2008","8824.34"
"12/18/2008","8604.99"
"12/19/2008","8579.11"
"12/22/2008","8519.69"
"12/23/2008","8419.49"
"12/24/2008","8468.48"
"12/26/2008","8515.55"
"12/29/2008","8483.93"
"12/30/2008","8668.39"
"12/31/2008","8776.39"
"1/2/2009","9034.69"
"1/5/2009","8952.89"
"1/6/2009","9015.1"
"1/7/2009","8769.7"
"1/8/2009","8742.46"
"1/9/2009","8599.18"
"1/12/2009","8473.97"
"1/13/2009","8448.56"
"1/14/2009","8200.14"
"1/15/2009","8212.49"
"1/16/2009","8281.22"
"1/20/2009","7949.09"
"1/21/2009","8228.1"
"1/22/2009","8122.8"
"1/23/2009","8077.56"
"1/26/2009","8116.03"
"1/27/2009","8174.73"
"1/28/2009","8375.45"
"1/29/2009","8149.01"
"1/30/2009","8000.86"
"2/2/2009","7936.83"
"2/3/2009","8078.36"
"2/4/2009","7956.66"
"2/5/2009","8063.07"
"2/6/2009","8280.59"
"2/9/2009","8270.87"
"2/10/2009","7888.88"
"2/11/2009","7939.53"
"2/12/2009","7932.76"
"2/13/2009","7850.41"
"2/17/2009","7552.6"
"2/18/2009","7555.63"
"2/19/2009","7465.95"
"2/20/2009","7365.67"
"2/23/2009","7114.78"
"2/24/2009","7350.94"
"2/25/2009","7270.89"
"2/26/2009","7182.08"
"2/27/2009","7062.93"
"3/2/2009","6763.29"
"3/3/2009","6726.02"
"3/4/2009","6875.84"
"3/5/2009","6594.44"
"3/6/2009","6626.94"
"3/9/2009","6547.05"
"3/10/2009","6926.49"
"3/11/2009","6930.4"
"3/12/2009","7170.06"
"3/13/2009","7223.98"
"3/16/2009","7216.97"
"3/17/2009","7395.7"
"3/18/2009","7486.58"
"3/19/2009","7400.8"
"3/20/2009","7278.38"
"3/23/2009","7775.86"
"3/24/2009","7660.21"
"3/25/2009","7749.81"
"3/26/2009","7924.56"
"3/27/2009","7776.18"
"3/30/2009","7522.02"
"3/31/2009","7608.92"
"4/1/2009","7761.6"
"4/2/2009","7978.08"
"4/3/2009","8017.59"
"4/6/2009","7975.85"
"4/7/2009","7789.56"
"4/8/2009","7837.11"
"4/9/2009","8083.38"
"4/13/2009","8057.81"
"4/14/2009","7920.18"
"4/15/2009","8029.62"
"4/16/2009","8125.43"
"4/17/2009","8131.33"
"4/20/2009","7841.73"
"4/21/2009","7969.56"
"4/22/2009","7886.57"
"4/23/2009","7957.06"
"4/24/2009","8076.29"
"4/27/2009","8025"
"4/28/2009","8016.95"
"4/29/2009","8185.73"
"4/30/2009","8168.12"
"5/1/2009","8212.41"
"5/4/2009","8426.74"
"5/5/2009","8410.65"
"5/6/2009","8512.28"
"5/7/2009","8409.85"
"5/8/2009","8574.65"
"5/11/2009","8418.77"
"5/12/2009","8469.11"
"5/13/2009","8284.89"
"5/14/2009","8331.32"
"5/15/2009","8268.64"
"5/18/2009","8504.08"
"5/19/2009","8474.85"
"5/20/2009","8422.04"
"5/21/2009","8292.13"
"5/22/2009","8277.32"
"5/26/2009","8473.49"
"5/27/2009","8300.02"
"5/28/2009","8403.8"
"5/29/2009","8500.33"
"6/1/2009","8721.44"
"6/2/2009","8740.87"
"6/3/2009","8675.24"
"6/4/2009","8750.24"
"6/5/2009","8763.13"
"6/8/2009","8764.49"
"6/9/2009","8763.06"
"6/10/2009","8739.02"
"6/11/2009","8770.92"
"6/12/2009","8799.26"
"6/15/2009","8612.13"
"6/16/2009","8504.67"
"6/17/2009","8497.18"
"6/18/2009","8555.6"
"6/19/2009","8539.73"
"6/22/2009","8339.01"
"6/23/2009","8322.91"
"6/24/2009","8299.86"
"6/25/2009","8472.4"
"6/26/2009","8438.39"
"6/29/2009","8529.38"
"6/30/2009","8447"
"7/1/2009","8504.06"
"7/2/2009","8280.74"
"7/6/2009","8324.87"
"7/7/2009","8163.6"
"7/8/2009","8178.41"
"7/9/2009","8183.17"
"7/10/2009","8146.52"
"7/13/2009","8331.68"
"7/14/2009","8359.49"
"7/15/2009","8616.21"
"7/16/2009","8711.82"
"7/17/2009","8743.94"
"7/20/2009","8848.15"
"7/21/2009","8915.94"
"7/22/2009","8930.23"
"7/23/2009","9069.29"
"7/24/2009","9093.24"
"7/27/2009","9108.51"
"7/28/2009","9096.72"
"7/29/2009","9070.72"
"7/30/2009","9214.84"
"7/31/2009","9171.61"
"8/3/2009","9286.56"
"8/4/2009","9320.19"
"8/5/2009","9280.97"
"8/6/2009","9256.26"
"8/7/2009","9370.07"
"8/10/2009","9337.95"
"8/11/2009","9241.45"
"8/12/2009","9361.61"
"8/13/2009","9398.19"
"8/14/2009","9321.4"
"8/17/2009","9135.34"
"8/18/2009","9217.94"
"8/19/2009","9279.16"
"8/20/2009","9350.05"
"8/21/2009","9505.96"
"8/24/2009","9509.28"
"8/25/2009","9539.29"
"8/26/2009","9543.52"
"8/27/2009","9580.63"
"8/28/2009","9544.2"
"8/31/2009","9496.28"
"9/1/2009","9310.6"
"9/2/2009","9280.67"
"9/3/2009","9344.61"
"9/4/2009","9441.27"
"9/8/2009","9497.34"
"9/9/2009","9547.22"
"9/10/2009","9627.48"
"9/11/2009","9605.41"
"9/14/2009","9626.8"
"9/15/2009","9683.41"
"9/16/2009","9791.71"
"9/17/2009","9783.92"
"9/18/2009","9820.2"
"9/21/2009","9778.86"
"9/22/2009","9829.87"
"9/23/2009","9748.55"
"9/24/2009","9707.44"
"9/25/2009","9665.19"
"9/28/2009","9789.36"
"9/29/2009","9742.2"
"9/30/2009","9712.28"
"10/1/2009","9509.28"
"10/2/2009","9487.67"
"10/5/2009","9599.75"
"10/6/2009","9731.25"
"10/7/2009","9725.58"
"10/8/2009","9786.87"
"10/9/2009","9864.94"
"10/12/2009","9885.8"
"10/13/2009","9871.06"
"10/14/2009","10015.86"
"10/15/2009","10062.94"
"10/16/2009","9995.91"
"10/19/2009","10092.19"
"10/20/2009","10041.48"
"10/21/2009","9949.36"
"10/22/2009","10081.31"
"10/23/2009","9972.18"
"10/26/2009","9867.96"
"10/27/2009","9882.17"
"10/28/2009","9762.69"
"10/29/2009","9962.58"
"10/30/2009","9712.73"
"11/2/2009","9789.44"
"11/3/2009","9771.91"
"11/4/2009","9802.14"
"11/5/2009","10005.96"
"11/6/2009","10023.42"
"11/9/2009","10226.94"
"11/10/2009","10246.97"
"11/11/2009","10291.26"
"11/12/2009","10197.47"
"11/13/2009","10270.47"
"11/16/2009","10406.96"
"11/17/2009","10437.42"
"11/18/2009","10426.31"
"11/19/2009","10332.44"
"11/20/2009","10318.16"
"11/23/2009","10450.95"
"11/24/2009","10433.71"
"11/25/2009","10464.4"
"11/27/2009","10309.92"
"11/30/2009","10344.84"
"12/1/2009","10471.58"
"12/2/2009","10452.68"
"12/3/2009","10366.15"
"12/4/2009","10388.9"
"12/7/2009","10390.11"
"12/8/2009","10285.97"
"12/9/2009","10337.05"
"12/10/2009","10405.83"
"12/11/2009","10471.5"
"12/14/2009","10501.05"
"12/15/2009","10452"
"12/16/2009","10441.12"
"12/17/2009","10308.26"
"12/18/2009","10328.89"
"12/21/2009","10414.14"
"12/22/2009","10464.93"
"12/23/2009","10466.44"
"12/24/2009","10520.1"
"12/28/2009","10547.07"
"12/29/2009","10545.41"
"12/30/2009","10548.51"
"12/31/2009","10428.05"
"1/4/2010","10583.96"
"1/5/2010","10572.02"
"1/6/2010","10573.68"
"1/7/2010","10606.86"
"1/8/2010","10618.19"
"1/11/2010","10663.99"
"1/12/2010","10627.26"
"1/13/2010","10680.77"
"1/14/2010","10710.55"
"1/15/2010","10609.65"
"1/19/2010","10725.43"
"1/20/2010","10603.15"
"1/21/2010","10389.88"
"1/22/2010","10172.98"
"1/25/2010","10196.86"
"1/26/2010","10194.29"
"1/27/2010","10236.16"
"1/28/2010","10120.46"
"1/29/2010","10067.33"
"2/1/2010","10185.53"
"2/2/2010","10296.85"
"2/3/2010","10270.55"
"2/4/2010","10002.18"
"2/5/2010","10012.23"
"2/8/2010","9908.39"
"2/9/2010","10058.64"
"2/10/2010","10038.38"
"2/11/2010","10144.19"
"2/12/2010","10099.14"
"2/16/2010","10268.81"
"2/17/2010","10309.24"
"2/18/2010","10392.9"
"2/19/2010","10402.35"
"2/22/2010","10383.38"
"2/23/2010","10282.41"
"2/24/2010","10374.16"
"2/25/2010","10321.03"
"2/26/2010","10325.26"
"3/1/2010","10403.79"
"3/2/2010","10405.98"
"3/3/2010","10396.76"
"3/4/2010","10444.14"
"3/5/2010","10566.2"
"3/8/2010","10552.52"
"3/9/2010","10564.38"
"3/10/2010","10567.33"
"3/11/2010","10611.84"
"3/12/2010","10624.69"
"3/15/2010","10642.15"
"3/16/2010","10685.98"
"3/17/2010","10733.67"
"3/18/2010","10779.17"
"3/19/2010","10741.98"
"3/22/2010","10785.89"
"3/23/2010","10888.83"
"3/24/2010","10836.15"
"3/25/2010","10841.21"
"3/26/2010","10850.36"
"3/29/2010","10895.86"
"3/30/2010","10907.42"
"3/31/2010","10856.63"
"4/1/2010","10927.07"
"4/5/2010","10973.55"
"4/6/2010","10969.99"
"4/7/2010","10897.52"
"4/8/2010","10927.07"
"4/9/2010","10997.35"
"4/12/2010","11005.97"
"4/13/2010","11019.42"
"4/14/2010","11123.11"
"4/15/2010","11144.57"
"4/16/2010","11018.66"
"4/19/2010","11092.05"
"4/20/2010","11117.06"
"4/21/2010","11124.92"
"4/22/2010","11134.29"
"4/23/2010","11204.28"
"4/26/2010","11205.03"
"4/27/2010","10991.99"
"4/28/2010","11045.27"
"4/29/2010","11167.32"
"4/30/2010","11008.61"
"5/3/2010","11151.83"
"5/4/2010","10926.77"
"5/5/2010","10868.12"
"5/6/2010","10520.32"
"5/7/2010","10380.43"
"5/10/2010","10785.14"
"5/11/2010","10748.26"
"5/12/2010","10896.91"
"5/13/2010","10782.95"
"5/14/2010","10620.16"
"5/17/2010","10625.83"
"5/18/2010","10510.95"
"5/19/2010","10444.37"
"5/20/2010","10068.01"
"5/21/2010","10193.39"
"5/24/2010","10066.57"
"5/25/2010","10043.75"
"5/26/2010","9974.45"
"5/27/2010","10258.99"
"5/28/2010","10136.63"
"6/1/2010","10024.02"
"6/2/2010","10249.54"
"6/3/2010","10255.28"
"6/4/2010","9931.97"
"6/7/2010","9816.49"
"6/8/2010","9939.98"
"6/9/2010","9899.25"
"6/10/2010","10172.53"
"6/11/2010","10211.07"
"6/14/2010","10190.89"
"6/15/2010","10404.77"
"6/16/2010","10409.46"
"6/17/2010","10434.17"
"6/18/2010","10450.64"
"6/21/2010","10442.41"
"6/22/2010","10293.52"
"6/23/2010","10298.44"
"6/24/2010","10152.8"
"6/25/2010","10143.81"
"6/28/2010","10138.52"
"6/29/2010","9870.3"
"6/30/2010","9774.02"
"7/1/2010","9732.53"
"7/2/2010","9686.48"
"7/6/2010","9743.62"
"7/7/2010","10018.28"
"7/8/2010","10138.99"
"7/9/2010","10198.03"
"7/12/2010","10216.27"
"7/13/2010","10363.02"
"7/14/2010","10366.72"
"7/15/2010","10359.31"
"7/16/2010","10097.9"
"7/19/2010","10154.43"
"7/20/2010","10229.96"
"7/21/2010","10120.53"
"7/22/2010","10322.3"
"7/23/2010","10424.62"
"7/26/2010","10525.43"
"7/27/2010","10537.69"
"7/28/2010","10497.88"
"7/29/2010","10467.16"
"7/30/2010","10465.94"
"8/2/2010","10674.38"
"8/3/2010","10636.38"
"8/4/2010","10680.43"
"8/5/2010","10674.98"
"8/6/2010","10653.56"
"8/9/2010","10698.75"
"8/10/2010","10644.25"
"8/11/2010","10378.83"
"8/12/2010","10319.95"
"8/13/2010","10303.15"
"8/16/2010","10302.01"
"8/17/2010","10405.85"
"8/18/2010","10415.54"
"8/19/2010","10271.21"
"8/20/2010","10213.62"
"8/23/2010","10174.41"
"8/24/2010","10040.45"
"8/25/2010","10060.06"
"8/26/2010","9985.81"
"8/27/2010","10150.65"
"8/30/2010","10009.73"
"8/31/2010","10014.72"
"9/1/2010","10269.47"
"9/2/2010","10320.1"
"9/3/2010","10447.93"
"9/7/2010","10340.69"
"9/8/2010","10387.01"
"9/9/2010","10415.24"
"9/10/2010","10462.77"
"9/13/2010","10544.13"
"9/14/2010","10526.49"
"9/15/2010","10572.73"
"9/16/2010","10594.83"
"9/17/2010","10607.85"
"9/20/2010","10753.62"
"9/21/2010","10761.03"
"9/22/2010","10739.31"
"9/23/2010","10662.42"
"9/24/2010","10860.26"
"9/27/2010","10812.04"
"9/28/2010","10858.14"
"9/29/2010","10835.28"
"9/30/2010","10788.05"
"10/1/2010","10829.68"
"10/4/2010","10751.27"
"10/5/2010","10944.72"
"10/6/2010","10967.65"
"10/7/2010","10948.58"
"10/8/2010","11006.48"
"10/11/2010","11010.34"
"10/12/2010","11020.4"
"10/13/2010","11096.08"
"10/14/2010","11096.92"
"10/15/2010","11062.78"
"10/18/2010","11143.69"
"10/19/2010","10978.62"
"10/20/2010","11107.97"
"10/21/2010","11145.57"
"10/22/2010","11132.56"
"10/25/2010","11164.05"
"10/26/2010","11169.46"
"10/27/2010","11126.28"
"10/28/2010","11113.95"
"10/29/2010","11118.4"
"11/1/2010","11124.62"
"11/2/2010","11188.72"
"11/3/2010","11215.13"
"11/4/2010","11434.84"
"11/5/2010","11444.08"
"11/8/2010","11406.84"
"11/9/2010","11346.75"
"11/10/2010","11357.04"
"11/11/2010","11283.1"
"11/12/2010","11192.58"
"11/15/2010","11201.97"
"11/16/2010","11023.5"
"11/17/2010","11007.88"
"11/18/2010","11181.23"
"11/19/2010","11203.55"
"11/22/2010","11178.58"
"11/23/2010","11036.37"
"11/24/2010","11187.28"
"11/26/2010","11092"
"11/29/2010","11052.49"
"11/30/2010","11006.02"
"12/1/2010","11255.78"
"12/2/2010","11362.41"
"12/3/2010","11382.09"
"12/6/2010","11362.19"
"12/7/2010","11359.16"
"12/8/2010","11372.48"
"12/9/2010","11370.06"
"12/10/2010","11410.32"
"12/13/2010","11428.56"
"12/14/2010","11476.54"
"12/15/2010","11457.47"
"12/16/2010","11499.25"
"12/17/2010","11491.91"
"12/20/2010","11478.13"
"12/21/2010","11533.16"
"12/22/2010","11559.49"
"12/23/2010","11573.49"
"12/27/2010","11555.03"
"12/28/2010","11575.54"
"12/29/2010","11585.38"
"12/30/2010","11569.71"
"12/31/2010","11577.51"
"1/3/2011","11670.75"
"1/4/2011","11691.18"
"1/5/2011","11722.89"
"1/6/2011","11697.31"
"1/7/2011","11674.76"
"1/10/2011","11637.45"
"1/11/2011","11671.88"
"1/12/2011","11755.44"
"1/13/2011","11731.9"
"1/14/2011","11787.38"
"1/18/2011","11837.93"
"1/19/2011","11825.29"
"1/20/2011","11822.8"
"1/21/2011","11871.84"
"1/24/2011","11980.52"
"1/25/2011","11977.19"
"1/26/2011","11985.44"
"1/27/2011","11989.83"
"1/28/2011","11823.7"
"1/31/2011","11891.93"
"2/1/2011","12040.16"
"2/2/2011","12041.97"
"2/3/2011","12062.26"
"2/4/2011","12092.15"
"2/7/2011","12161.63"
"2/8/2011","12233.15"
"2/9/2011","12239.89"
"2/10/2011","12229.29"
"2/11/2011","12273.26"
"2/14/2011","12268.19"
"2/15/2011","12226.64"
"2/17/2011","12318.14"
"2/18/2011","12391.25"
"2/22/2011","12212.79"
"2/23/2011","12105.78"
"2/24/2011","12068.5"
"2/25/2011","12130.45"
"2/28/2011","12226.34"
"3/1/2011","12058.02"
"3/2/2011","12066.8"
"3/3/2011","12258.2"
"3/4/2011","12169.88"
"3/7/2011","12090.03"
"3/8/2011","12214.38"
"3/9/2011","12213.09"
"3/10/2011","11984.61"
"3/11/2011","12044.4"
"3/14/2011","11993.16"
"3/16/2011","11613.3"
"3/17/2011","11774.59"
"3/18/2011","11858.52"
"3/21/2011","12036.53"
"3/22/2011","12018.63"
"3/23/2011","12086.02"
"3/24/2011","12170.56"
"3/25/2011","12220.59"
"3/28/2011","12197.88"
"3/29/2011","12279.01"
"3/30/2011","12350.61"
"3/31/2011","12319.73"
"4/1/2011","12376.72"
"4/4/2011","12400.03"
"4/5/2011","12393.9"
"4/6/2011","12426.75"
"4/7/2011","12409.49"
"4/8/2011","12380.05"
"4/11/2011","12381.11"
"4/12/2011","12263.58"
"4/13/2011","12270.99"
"4/14/2011","12285.15"
"4/18/2011","12201.59"
"4/19/2011","12266.75"
"4/20/2011","12453.54"
"4/21/2011","12505.99"
"4/25/2011","12479.88"
"4/26/2011","12595.37"
"4/27/2011","12690.96"
"4/28/2011","12763.31"
"4/29/2011","12810.54"
"5/2/2011","12807.36"
"5/3/2011","12807.51"
"5/4/2011","12723.58"
"5/5/2011","12584.17"
"5/6/2011","12638.74"
"5/9/2011","12684.68"
"5/10/2011","12760.36"
"5/11/2011","12630.03"
"5/12/2011","12695.92"
"5/13/2011","12595.75"
"5/16/2011","12548.37"
"5/17/2011","12479.58"
"5/19/2011","12605.32"
"5/20/2011","12512.04"
"5/23/2011","12381.26"
"5/24/2011","12356.21"
"5/25/2011","12394.66"
"5/26/2011","12402.76"
"5/27/2011","12441.58"
"5/31/2011","12569.79"
"6/1/2011","12290.14"
"6/2/2011","12248.55"
"6/3/2011","12151.26"
"6/6/2011","12089.96"
"6/7/2011","12070.81"
"6/8/2011","12048.94"
"6/9/2011","12124.36"
"6/10/2011","11951.91"
"6/13/2011","11952.97"
"6/14/2011","12076.11"
"6/15/2011","11897.27"
"6/16/2011","11961.52"
"6/17/2011","12004.36"
"6/20/2011","12080.38"
"6/21/2011","12190.01"
"6/22/2011","12109.67"
"6/23/2011","12050"
"6/24/2011","11934.58"
"6/27/2011","12043.56"
"6/28/2011","12188.69"
"6/29/2011","12261.42"
"6/30/2011","12414.34"
"7/1/2011","12582.77"
"7/5/2011","12569.87"
"7/6/2011","12626.02"
"7/7/2011","12719.49"
"7/8/2011","12657.2"
"7/11/2011","12505.76"
"7/12/2011","12446.88"
"7/13/2011","12491.61"
"7/14/2011","12437.12"
"7/15/2011","12479.73"
"7/18/2011","12385.16"
"7/19/2011","12587.42"
"7/20/2011","12571.91"
"7/21/2011","12724.41"
"7/22/2011","12681.16"
"7/25/2011","12592.8"
"7/26/2011","12501.3"
"7/27/2011","12302.55"
"7/28/2011","12240.11"
"7/29/2011","12143.24"
"8/1/2011","12132.49"
"8/2/2011","11866.62"
"8/3/2011","11896.44"
"8/4/2011","11383.68"
"8/5/2011","11444.61"
"8/8/2011","10809.85"
"8/9/2011","11239.77"
"8/10/2011","10719.94"
"8/11/2011","11143.31"
"8/12/2011","11269.02"
"8/15/2011","11482.9"
"8/16/2011","11405.93"
"8/17/2011","11410.21"
"8/18/2011","10990.58"
"8/19/2011","10817.65"
"8/22/2011","10854.65"
"8/23/2011","11176.76"
"8/24/2011","11320.71"
"8/25/2011","11149.82"
"8/26/2011","11284.54"
"8/29/2011","11539.25"
"8/30/2011","11559.95"
"8/31/2011","11613.53"
"9/1/2011","11493.57"
"9/2/2011","11240.26"
"9/6/2011","11139.3"
"9/7/2011","11414.86"
"9/8/2011","11295.81"
"9/9/2011","10992.13"
"9/12/2011","11061.12"
"9/13/2011","11105.85"
"9/14/2011","11246.73"
"9/15/2011","11433.18"
"9/16/2011","11509.09"
"9/19/2011","11401.01"
"9/20/2011","11408.66"
"9/21/2011","11124.84"
"9/22/2011","10733.83"
"9/23/2011","10771.48"
"9/28/2011","11010.9"
"9/29/2011","11153.98"
"9/30/2011","10913.38"
"10/3/2011","10655.3"
"10/4/2011","10808.71"
"10/5/2011","10939.95"
"10/6/2011","11123.33"
"10/7/2011","11103.12"
"10/10/2011","11433.18"
"10/11/2011","11416.3"
"10/12/2011","11518.85"
"10/13/2011","11478.13"
"10/14/2011","11644.49"
"10/17/2011","11397"
"10/18/2011","11577.05"
"10/19/2011","11504.62"
"10/20/2011","11541.78"
"10/21/2011","11808.79"
"10/24/2011","11913.62"
"10/25/2011","11706.62"
"10/26/2011","11869.04"
"10/27/2011","12208.55"
"10/31/2011","11955.01"
"11/1/2011","11657.96"
"11/2/2011","11836.04"
"11/3/2011","12044.47"
"11/4/2011","11983.24"
"11/7/2011","12068.39"
"11/8/2011","12170.18"
"11/9/2011","11780.94"
"11/10/2011","11893.79"
"11/11/2011","12153.68"
"11/14/2011","12078.98"
"11/15/2011","12096.16"
"11/16/2011","11905.59"
"11/17/2011","11770.73"
"11/18/2011","11796.16"
"11/21/2011","11547.31"
"11/22/2011","11493.72"
"11/23/2011","11257.55"
"11/25/2011","11231.78"
"11/28/2011","11523.01"
"11/29/2011","11555.63"
"11/30/2011","12045.68"
"12/1/2011","12020.03"
"12/2/2011","12019.42"
"12/5/2011","12097.83"
"12/6/2011","12150.13"
"12/7/2011","12196.37"
"12/8/2011","11997.7"
"12/9/2011","12184.26"
"12/12/2011","12021.39"
"12/13/2011","11954.94"
"12/14/2011","11823.48"
"12/15/2011","11868.81"
"12/16/2011","11866.39"
"12/19/2011","11766.26"
"12/20/2011","12103.58"
"12/21/2011","12107.74"
"12/22/2011","12169.65"
"12/23/2011","12294"
"12/27/2011","12291.35"
"12/28/2011","12151.41"
"12/29/2011","12287.04"
"12/30/2011","12217.56"
"1/3/2012","12397.38"
"1/4/2012","12418.42"
"1/5/2012","12415.7"
"1/6/2012","12359.92"
"1/9/2012","12392.69"
"1/10/2012","12462.47"
"1/11/2012","12449.45"
"1/12/2012","12471.02"
"1/13/2012","12422.06"
"1/17/2012","12482.07"
"1/18/2012","12578.95"
"1/19/2012","12623.98"
"1/20/2012","12720.48"
"1/23/2012","12708.82"
"1/24/2012","12675.75"
"1/25/2012","12756.96"
"1/26/2012","12734.63"
"1/27/2012","12660.46"
"1/30/2012","12653.72"
"1/31/2012","12632.91"
"2/1/2012","12716.46"
"2/2/2012","12705.41"
"2/3/2012","12862.23"
"2/6/2012","12845.13"
"2/7/2012","12878.2"
"2/8/2012","12883.95"
"2/9/2012","12890.46"
"2/10/2012","12801.23"
"2/13/2012","12874.04"
"2/14/2012","12878.28"
"2/15/2012","12780.95"
"2/16/2012","12904.08"
"2/17/2012","12949.87"
"2/21/2012","12965.69"
"2/22/2012","12938.67"
"2/23/2012","12984.69"
"2/24/2012","12982.95"
"2/27/2012","12981.51"
"2/28/2012","13005.12"
"2/29/2012","12952.07"
"3/1/2012","12980.3"
"3/2/2012","12977.57"
"3/5/2012","12962.81"
"3/6/2012","12759.15"
"3/7/2012","12837.33"
"3/8/2012","12907.94"
"3/9/2012","12922.02"
"3/12/2012","12959.71"
"3/13/2012","13177.68"
"3/14/2012","13194.1"
"3/15/2012","13252.76"
"3/16/2012","13232.62"
"3/19/2012","13239.13"
"3/20/2012","13170.19"
"3/21/2012","13124.62"
"3/22/2012","13046.14"
"3/23/2012","13080.73"
"3/26/2012","13241.63"
"3/27/2012","13197.73"
"3/28/2012","13126.21"
"3/29/2012","13145.82"
"3/30/2012","13212.04"
"4/2/2012","13264.49"
"4/3/2012","13199.55"
"4/4/2012","13074.75"
"4/5/2012","13060.14"
"4/9/2012","12929.59"
"4/10/2012","12715.93"
"4/11/2012","12805.39"
"4/12/2012","12986.58"
"4/13/2012","12849.59"
"4/16/2012","12921.41"
"4/17/2012","13115.54"
"4/18/2012","13032.75"
"4/19/2012","12964.1"
"4/20/2012","13029.26"
"4/23/2012","12927.17"
"4/24/2012","13001.56"
"4/25/2012","13090.72"
"4/26/2012","13204.62"
"4/27/2012","13228.31"
"4/30/2012","13213.63"
"5/1/2012","13279.32"
"5/2/2012","13268.57"
"5/3/2012","13206.59"
"5/4/2012","13038.27"
"5/7/2012","13008.53"
"5/8/2012","12932.09"
"5/9/2012","12835.06"
"5/10/2012","12855.04"
"5/11/2012","12820.6"
"5/14/2012","12695.35"
"5/15/2012","12632"
"5/16/2012","12598.55"
"5/17/2012","12442.49"
"5/18/2012","12369.38"
"5/21/2012","12504.48"
"5/22/2012","12502.81"
"5/23/2012","12496.15"
"5/24/2012","12529.75"
"5/25/2012","12454.83"
"5/29/2012","12580.69"
"5/30/2012","12419.86"
"5/31/2012","12393.45"
"6/1/2012","12118.57"
"6/4/2012","12101.46"
"6/5/2012","12127.95"
"6/6/2012","12414.79"
"6/7/2012","12460.96"
"6/8/2012","12554.2"
"6/11/2012","12411.23"
"6/12/2012","12573.8"
"6/13/2012","12496.38"
"6/14/2012","12651.91"
"6/15/2012","12767.17"
"6/18/2012","12741.82"
"6/19/2012","12837.33"
"6/20/2012","12824.39"
"6/21/2012","12573.57"
"6/22/2012","12640.78"
"6/25/2012","12502.66"
"6/26/2012","12534.67"
"6/27/2012","12627.01"
"6/28/2012","12602.26"
"6/29/2012","12880.09"
"7/2/2012","12871.39"
"7/3/2012","12943.66"
"7/5/2012","12896.67"
"7/6/2012","12772.47"
"7/9/2012","12736.29"
"7/10/2012","12653.12"
"7/11/2012","12604.53"
"7/12/2012","12573.27"
"7/13/2012","12777.09"
"7/16/2012","12727.21"
"7/17/2012","12805.54"
"7/18/2012","12908.7"
"7/19/2012","12943.36"
"7/20/2012","12822.57"
"7/23/2012","12721.46"
"7/24/2012","12617.32"
"7/25/2012","12676.05"
"7/26/2012","12887.93"
"7/27/2012","13075.66"
"7/30/2012","13073.01"
"7/31/2012","13008.68"
"8/1/2012","12976.13"
"8/2/2012","12878.88"
"8/3/2012","13096.17"
"8/6/2012","13117.51"
"8/7/2012","13168.6"
"8/8/2012","13175.64"
"8/9/2012","13165.19"
"8/10/2012","13207.95"
"8/13/2012","13169.43"
"8/14/2012","13172.14"
"8/15/2012","13164.78"
"8/16/2012","13250.11"
"8/17/2012","13275.2"
"8/20/2012","13271.64"
"8/21/2012","13203.58"
"8/22/2012","13172.76"
"8/23/2012","13057.46"
"8/24/2012","13157.97"
"8/27/2012","13124.67"
"8/28/2012","13102.99"
"8/29/2012","13107.48"
"8/30/2012","13000.71"
"8/31/2012","13090.84"
"9/4/2012","13035.94"
"9/5/2012","13047.48"
"9/6/2012","13292"
"9/7/2012","13306.64"
"9/10/2012","13254.29"
"9/11/2012","13323.36"
"9/12/2012","13333.35"
"9/13/2012","13539.86"
"9/14/2012","13593.37"
"9/17/2012","13553.1"
"9/18/2012","13564.64"
"9/19/2012","13577.96"
"9/20/2012","13596.93"
"9/21/2012","13579.47"
"9/24/2012","13558.92"
"9/25/2012","13457.55"
"9/26/2012","13413.51"
"9/27/2012","13485.97"
"9/28/2012","13437.13"
"10/1/2012","13515.11"
"10/2/2012","13482.36"
"10/3/2012","13494.61"
"10/4/2012","13575.36"
"10/5/2012","13610.15"
"10/8/2012","13583.65"
"10/9/2012","13473.53"
"10/10/2012","13344.97"
"10/11/2012","13326.39"
"10/12/2012","13328.85"
"10/15/2012","13424.23"
"10/16/2012","13551.78"
"10/17/2012","13557"
"10/18/2012","13548.94"
"10/19/2012","13343.51"
"10/22/2012","13345.89"
"10/23/2012","13102.53"
"10/24/2012","13077.34"
"10/25/2012","13103.68"
"10/26/2012","13107.21"
"11/1/2012","13232.62"
"11/2/2012","13093.16"
"11/5/2012","13112.44"
"11/6/2012","13245.68"
"11/7/2012","12932.73"
"11/8/2012","12811.32"
"11/9/2012","12815.39"
"11/12/2012","12815.08"
"11/13/2012","12756.18"
"11/14/2012","12570.95"
"11/15/2012","12542.38"
"11/16/2012","12588.31"
"11/19/2012","12795.96"
"11/20/2012","12788.51"
"11/21/2012","12836.89"
"11/23/2012","13009.68"
"11/26/2012","12967.37"
"11/27/2012","12878.13"
"11/28/2012","12985.11"
"11/29/2012","13021.82"
"11/30/2012","13025.58"
"12/3/2012","12965.6"
"12/4/2012","12951.78"
"12/5/2012","13034.49"
"12/6/2012","13074.04"
"12/7/2012","13155.13"
"12/10/2012","13169.88"
"12/11/2012","13248.44"
"12/12/2012","13245.45"
"12/13/2012","13170.72"
"12/14/2012","13135.01"
"12/17/2012","13235.39"
"12/18/2012","13350.96"
"12/19/2012","13251.97"
"12/20/2012","13311.72"
"12/21/2012","13190.84"
"12/24/2012","13139.08"
"12/26/2012","13114.59"
"12/27/2012","13096.31"
"12/28/2012","12938.11"
"12/31/2012","13104.14"
"1/2/2013","13412.55"
"1/3/2013","13391.36"
"1/4/2013","13435.21"
"1/7/2013","13384.29"
"1/8/2013","13328.85"
"1/9/2013","13390.51"
"1/10/2013","13471.22"
"1/11/2013","13488.43"
"1/14/2013","13507.32"
"1/15/2013","13534.89"
"1/16/2013","13511.23"
"1/17/2013","13596.02"
"1/18/2013","13649.7"
"1/22/2013","13712.21"
"1/23/2013","13779.33"
"1/24/2013","13825.33"
"1/25/2013","13895.98"
"1/28/2013","13881.93"
"1/29/2013","13954.42"
"1/30/2013","13910.42"
"1/31/2013","13860.58"
"2/1/2013","14009.79"
"2/4/2013","13880.08"
"2/5/2013","13979.3"
"2/6/2013","13986.52"
"2/7/2013","13944.05"
"2/8/2013","13992.97"
"2/11/2013","13971.24"
"2/12/2013","14018.7"
"2/13/2013","13982.91"
"2/14/2013","13973.39"
"2/15/2013","13981.76"
"2/19/2013","14035.67"
"2/20/2013","13927.54"
"2/21/2013","13880.62"
"2/22/2013","14000.57"
"2/25/2013","13784.17"
"2/26/2013","13900.13"
"2/27/2013","14075.37"
"2/28/2013","14054.49"
"3/1/2013","14089.66"
"3/4/2013","14127.82"
"3/5/2013","14253.77"
"3/6/2013","14296.24"
"3/7/2013","14329.49"
"3/8/2013","14397.07"
"3/11/2013","14447.29"
"3/12/2013","14450.06"
"3/13/2013","14455.28"
"3/14/2013","14539.14"
"3/15/2013","14514.11"
"3/18/2013","14452.06"
"3/19/2013","14455.82"
"3/20/2013","14511.73"
"3/21/2013","14421.49"
"3/22/2013","14512.03"
"3/25/2013","14447.75"
"3/26/2013","14559.65"
"3/27/2013","14526.16"
"3/28/2013","14578.54"
"4/1/2013","14572.85"
"4/2/2013","14662.01"
"4/3/2013","14550.35"
"4/4/2013","14606.11"
"4/5/2013","14565.25"
"4/8/2013","14613.48"
"4/9/2013","14673.46"
"4/10/2013","14802.24"
"4/11/2013","14865.14"
"4/12/2013","14865.06"
"4/15/2013","14599.2"
"4/16/2013","14756.78"
"4/17/2013","14618.59"
"4/18/2013","14537.14"
"4/19/2013","14547.51"
"4/22/2013","14567.17"
"4/23/2013","14719.46"
"4/24/2013","14676.3"
"4/25/2013","14700.8"
"4/26/2013","14712.55"
"4/29/2013","14818.75"
"4/30/2013","14839.8"
"5/1/2013","14700.95"
"5/2/2013","14831.58"
"5/3/2013","14973.96"
"5/6/2013","14968.89"
"5/7/2013","15056.2"
"5/8/2013","15105.12"
"5/9/2013","15082.62"
"5/10/2013","15118.49"
"5/13/2013","15091.68"
"5/14/2013","15215.25"
"5/15/2013","15275.69"
"5/16/2013","15233.22"
"5/17/2013","15354.4"
"5/20/2013","15335.28"
"5/21/2013","15387.58"
"5/22/2013","15307.17"
"5/23/2013","15294.5"
"5/24/2013","15303.1"
"5/28/2013","15409.39"
"5/29/2013","15302.8"
"5/30/2013","15324.53"
"5/31/2013","15115.57"
"6/3/2013","15254.03"
"6/4/2013","15177.54"
"6/5/2013","14960.59"
"6/6/2013","15040.62"
"6/7/2013","15248.12"
"6/10/2013","15238.59"
"6/11/2013","15122.02"
"6/12/2013","14995.23"
"6/13/2013","15176.08"
"6/14/2013","15070.18"
"6/17/2013","15179.85"
"6/18/2013","15318.23"
"6/19/2013","15112.19"
"6/20/2013","14758.32"
"6/21/2013","14799.4"
"6/24/2013","14659.56"
"6/25/2013","14760.31"
"6/26/2013","14910.14"
"6/27/2013","15024.49"
"6/28/2013","14909.6"
"7/1/2013","14974.96"
"7/2/2013","14932.41"
"7/3/2013","14988.55"
"7/5/2013","15135.84"
"7/8/2013","15224.69"
"7/9/2013","15300.34"
"7/10/2013","15291.66"
"7/11/2013","15460.92"
"7/12/2013","15464.3"
"7/15/2013","15484.26"
"7/16/2013","15451.85"
"7/17/2013","15470.52"
"7/18/2013","15548.54"
"7/19/2013","15543.74"
"7/22/2013","15545.55"
"7/23/2013","15567.74"
"7/24/2013","15542.24"
"7/25/2013","15555.61"
"7/26/2013","15558.83"
"7/29/2013","15521.97"
"7/30/2013","15520.59"
"7/31/2013","15499.54"
"8/1/2013","15628.02"
"8/2/2013","15658.36"
"8/5/2013","15612.13"
"8/6/2013","15518.74"
"8/7/2013","15470.67"
"8/8/2013","15498.32"
"8/9/2013","15425.51"
"8/12/2013","15419.68"
"8/13/2013","15451.01"
"8/14/2013","15337.66"
"8/15/2013","15112.19"
"8/16/2013","15081.47"
"8/19/2013","15010.74"
"8/20/2013","15002.99"
"8/21/2013","14897.55"
"8/22/2013","14963.74"
"8/23/2013","15010.51"
"8/26/2013","14946.46"
"8/27/2013","14776.13"
"8/28/2013","14824.51"
"8/29/2013","14840.95"
"8/30/2013","14810.31"
"9/3/2013","14833.96"
"9/4/2013","14930.87"
"9/5/2013","14937.48"
"9/6/2013","14922.5"
"9/9/2013","15063.12"
"9/10/2013","15191.06"
"9/11/2013","15326.6"
"9/12/2013","15300.64"
"9/13/2013","15376.06"
"9/16/2013","15494.78"
"9/17/2013","15529.73"
"9/18/2013","15676.94"
"9/19/2013","15636.55"
"9/20/2013","15451.09"
"9/23/2013","15401.38"
"9/24/2013","15334.59"
"9/25/2013","15273.26"
"9/26/2013","15328.3"
"9/27/2013","15258.24"
"9/30/2013","15129.67"
"10/1/2013","15191.7"
"10/2/2013","15133.14"
"10/3/2013","14996.48"
"10/4/2013","15072.58"
"10/7/2013","14936.24"
"10/8/2013","14776.53"
"10/9/2013","14802.98"
"10/10/2013","15126.07"
"10/11/2013","15237.11"
"10/14/2013","15301.26"
"10/15/2013","15168.01"
"10/16/2013","15373.83"
"10/17/2013","15371.65"
"10/21/2013","15392.2"
"10/22/2013","15467.66"
"10/23/2013","15413.33"
"10/24/2013","15509.21"
"10/25/2013","15570.28"
"10/28/2013","15568.93"
"10/29/2013","15680.35"
"10/30/2013","15618.76"
"10/31/2013","15545.75"
"11/1/2013","15615.55"
"11/4/2013","15639.12"
"11/5/2013","15618.22"
"11/6/2013","15746.88"
"11/7/2013","15593.98"
"11/8/2013","15761.78"
"11/11/2013","15783.1"
"11/12/2013","15750.67"
"11/13/2013","15821.63"
"11/14/2013","15876.22"
"11/15/2013","15961.7"
"11/18/2013","15976.02"
"11/19/2013","15967.03"
"11/20/2013","15900.82"
"11/21/2013","16009.99"
"11/22/2013","16064.77"
"11/25/2013","16072.54"
"11/26/2013","16072.8"
"11/27/2013","16097.33"
"11/29/2013","16086.41"
"12/2/2013","16008.77"
"12/3/2013","15914.62"
"12/4/2013","15889.77"
"12/5/2013","15821.51"
"12/6/2013","16020.2"
"12/9/2013","16025.53"
"12/10/2013","15973.13"
"12/11/2013","15843.53"
"12/12/2013","15739.43"
"12/13/2013","15755.36"
"12/16/2013","15884.57"
"12/17/2013","15875.26"
"12/18/2013","16167.97"
"12/19/2013","16179.08"
"12/20/2013","16221.14"
"12/23/2013","16294.61"
"12/24/2013","16357.55"
"12/26/2013","16479.88"
"12/27/2013","16478.41"
"12/30/2013","16504.29"
"12/31/2013","16576.66"
"1/2/2014","16441.35"
"1/3/2014","16469.99"
"1/6/2014","16425.1"
"1/7/2014","16530.94"
"1/8/2014","16462.74"
"1/9/2014","16444.76"
"1/10/2014","16437.05"
"1/13/2014","16257.94"
"1/14/2014","16373.86"
"1/15/2014","16481.94"
"1/16/2014","16417.01"
"1/17/2014","16458.56"
"1/21/2014","16414.44"
"1/22/2014","16373.34"
"1/23/2014","16197.35"
"1/24/2014","15879.11"
"1/27/2014","15837.88"
"1/28/2014","15928.56"
"1/29/2014","15738.79"
"1/30/2014","15848.61"
"1/31/2014","15698.85"
"2/3/2014","15372.8"
"2/4/2014","15445.24"
"2/5/2014","15440.23"
"2/6/2014","15628.53"
"2/7/2014","15794.08"
"2/10/2014","15801.79"
"2/11/2014","15994.77"
"2/12/2014","15963.94"
"2/13/2014","16027.59"
"2/14/2014","16154.39"
"2/18/2014","16130.4"
"2/19/2014","16040.56"
"2/20/2014","16133.23"
"2/21/2014","16103.3"
"2/24/2014","16207.14"
"2/25/2014","16179.66"
"2/26/2014","16198.41"
"2/27/2014","16272.65"
"2/28/2014","16321.71"
"3/3/2014","16168.03"
"3/4/2014","16395.88"
"3/5/2014","16360.18"
"3/6/2014","16421.89"
"3/7/2014","16452.72"
"3/10/2014","16418.68"
"3/11/2014","16351.25"
"3/12/2014","16340.08"
"3/14/2014","16065.67"
"3/17/2014","16247.22"
"3/18/2014","16336.19"
"3/19/2014","16222.17"
"3/20/2014","16331.05"
"3/21/2014","16302.77"
"3/24/2014","16276.69"
"3/25/2014","16367.88"
"3/26/2014","16268.99"
"3/27/2014","16264.23"
"3/28/2014","16323.06"
"3/31/2014","16457.66"
"4/1/2014","16532.61"
"4/2/2014","16573"
"4/3/2014","16572.55"
"4/4/2014","16412.71"
"4/7/2014","16245.87"
"4/8/2014","16256.14"
"4/9/2014","16437.18"
"4/10/2014","16170.22"
"4/11/2014","16026.75"
"4/14/2014","16173.24"
"4/15/2014","16262.56"
"4/17/2014","16408.54"
"4/21/2014","16449.25"
"4/22/2014","16514.37"
"4/23/2014","16501.65"
"4/24/2014","16501.65"
"4/25/2014","16361.46"
"4/28/2014","16448.74"
"4/29/2014","16535.37"
"4/30/2014","16580.84"
"5/1/2014","16558.87"
"5/2/2014","16512.89"
"5/5/2014","16530.55"
"5/6/2014","16401.02"
"5/7/2014","16518.54"
"5/8/2014","16550.97"
"5/9/2014","16583.34"
"5/12/2014","16695.47"
"5/13/2014","16715.44"
"5/14/2014","16613.97"
"5/15/2014","16446.81"
"5/16/2014","16491.31"
"5/19/2014","16511.86"
"5/20/2014","16374.31"
"5/21/2014","16533.06"
"5/22/2014","16543.08"
"5/23/2014","16606.27"
"5/27/2014","16675.5"
"5/28/2014","16633.18"
"5/29/2014","16698.74"
"5/30/2014","16717.17"
"6/2/2014","16743.63"
"6/3/2014","16722.34"
"6/4/2014","16737.53"
"6/5/2014","16836.11"
"6/6/2014","16924.28"
"6/9/2014","16943.1"
"6/10/2014","16945.92"
"6/11/2014","16843.88"
"6/12/2014","16734.19"
"6/13/2014","16775.74"
"6/16/2014","16781.01"
"6/17/2014","16808.49"
"6/18/2014","16906.62"
"6/19/2014","16921.46"
"6/20/2014","16947.08"
"6/23/2014","16937.26"
"6/24/2014","16818.13"
"6/25/2014","16867.51"
"6/26/2014","16846.13"
"6/27/2014","16851.84"
"6/30/2014","16826.6"
"7/1/2014","16956.07"
"7/2/2014","16976.24"
"7/3/2014","17068.26"
"7/7/2014","17024.21"
"7/8/2014","16906.62"
"7/9/2014","16985.61"
"7/10/2014","16915.07"
"7/11/2014","16943.81"
"7/14/2014","17055.42"
"7/15/2014","17060.68"
"7/16/2014","17138.2"
"7/17/2014","16976.81"
"7/18/2014","17100.18"
"7/21/2014","17051.73"
"7/22/2014","17113.54"
"7/23/2014","17086.63"
"7/24/2014","17083.8"
"7/25/2014","16960.57"
"7/28/2014","16982.59"
"7/29/2014","16912.11"
"7/30/2014","16880.36"
"7/31/2014","16563.3"
"8/1/2014","16493.37"
"8/4/2014","16569.28"
"8/5/2014","16429.47"
"8/6/2014","16443.34"
"8/7/2014","16368.27"
"8/8/2014","16553.93"
"8/11/2014","16569.98"
"8/12/2014","16560.54"
"8/13/2014","16651.8"
"8/14/2014","16713.58"
"8/15/2014","16662.91"
"8/18/2014","16838.74"
"8/19/2014","16919.59"
"8/20/2014","16979.13"
"8/21/2014","17039.49"
"8/22/2014","17001.22"
"8/25/2014","17076.87"
"8/26/2014","17106.7"
"8/27/2014","17122.01"
"8/28/2014","17079.57"
"8/29/2014","17098.45"
"9/2/2014","17067.56"
"9/3/2014","17078.28"
"9/4/2014","17069.58"
"9/5/2014","17137.36"
"9/8/2014","17111.42"
"9/9/2014","17013.87"
"9/10/2014","17068.71"
"9/11/2014","17049"
"9/12/2014","16987.51"
"9/15/2014","17031.14"
"9/16/2014","17131.97"
"9/17/2014","17156.85"
"9/18/2014","17265.99"
"9/19/2014","17279.74"
"9/22/2014","17172.68"
"9/23/2014","17055.87"
"9/24/2014","17210.06"
"9/25/2014","16945.8"
"9/26/2014","17113.15"
"9/29/2014","17071.22"
"9/30/2014","17042.9"
"10/1/2014","16804.71"
"10/2/2014","16801.05"
"10/3/2014","17009.69"
"10/6/2014","16991.91"
"10/7/2014","16719.39"
"10/8/2014","16994.22"
"10/9/2014","16659.25"
"10/10/2014","16544.1"
"10/13/2014","16321.07"
"10/14/2014","16315.19"
"10/15/2014","16141.74"
"10/16/2014","16117.24"
"10/17/2014","16380.41"
"10/20/2014","16399.67"
"10/21/2014","16614.81"
"10/22/2014","16461.32"
"10/23/2014","16677.9"
"10/24/2014","16805.41"
"10/27/2014","16817.94"
"10/28/2014","17005.75"
"10/29/2014","16974.31"
"10/30/2014","17195.42"
"10/31/2014","17390.52"
"11/3/2014","17366.24"